datetime,Heating Setpoint (New),Cooling Setpoint (New),Heating Deadband Up,Heating Deadband Down,Cooling Deadband Up,Cooling Deadband Down
 08/16  23:29,10,24.4,0.4,0.4,0.4,0.4
 08/16  23:30,10,24.4,0.4,0.4,0.4,0.4
 08/16  23:31,10,24.4,0.4,0.4,0.4,0.4
 08/16  23:32,10,24.4,0.4,0.4,0.4,0.4
 08/16  23:33,10,24.4,0.4,0.4,0.4,0.4
 08/16  23:34,10,24.4,0.4,0.4,0.4,0.4
 08/16  23:35,10,24.4,0.4,0.4,0.4,0.4
 08/16  23:36,10,24.4,0.4,0.4,0.4,0.4
 08/16  23:37,10,24.4,0.4,0.4,0.4,0.4
 08/16  23:38,10,24.4,0.4,0.4,0.4,0.4
 08/16  23:39,10,24.4,0.4,0.4,0.4,0.4
 08/16  23:40,10,24.4,0.4,0.4,0.4,0.4
 08/16  23:41,10,24.4,0.4,0.4,0.4,0.4
 08/16  23:42,10,24.4,0.4,0.4,0.4,0.4
 08/16  23:43,10,24.4,0.4,0.4,0.4,0.4
 08/16  23:44,10,24.4,0.4,0.4,0.4,0.4
 08/16  23:45,10,24.4,0.4,0.4,0.4,0.4
 08/16  23:46,10,24.4,0.4,0.4,0.4,0.4
 08/16  23:47,10,24.4,0.4,0.4,0.4,0.4
 08/16  23:48,10,24.4,0.4,0.4,0.4,0.4
 08/16  23:49,10,24.4,0.4,0.4,0.4,0.4
 08/16  23:50,10,24.4,0.4,0.4,0.4,0.4
 08/16  23:51,10,24.4,0.4,0.4,0.4,0.4
 08/16  23:52,10,24.4,0.4,0.4,0.4,0.4
 08/16  23:53,10,24.4,0.4,0.4,0.4,0.4
 08/16  23:54,10,24.4,0.4,0.4,0.4,0.4
 08/16  23:55,10,24.4,0.4,0.4,0.4,0.4
 08/16  23:56,10,24.4,0.4,0.4,0.4,0.4
 08/16  23:57,10,24.4,0.4,0.4,0.4,0.4
 08/16  23:58,10,24.4,0.4,0.4,0.4,0.4
 08/16  23:59,10,24.4,0.4,0.4,0.4,0.4
 08/17  0:00,10,24.4,0.4,0.4,0.4,0.4
 08/17  0:01,10,24.4,0.4,0.4,0.4,0.4
 08/17  0:02,10,24.4,0.4,0.4,0.4,0.4
 08/17  0:03,10,24.4,0.4,0.4,0.4,0.4
 08/17  0:04,10,24.4,0.4,0.4,0.4,0.4
 08/17  0:05,10,24.4,0.4,0.4,0.4,0.4
 08/17  0:06,10,24.4,0.4,0.4,0.4,0.4
 08/17  0:07,10,24.4,0.4,0.4,0.4,0.4
 08/17  0:08,10,24.4,0.4,0.4,0.4,0.4
 08/17  0:09,10,24.4,0.4,0.4,0.4,0.4
 08/17  0:10,10,24.4,0.4,0.4,0.4,0.4
 08/17  0:11,10,24.4,0.4,0.4,0.4,0.4
 08/17  0:12,10,24.4,0.4,0.4,0.4,0.4
 08/17  0:13,10,24.4,0.4,0.4,0.4,0.4
 08/17  0:14,10,24.4,0.4,0.4,0.4,0.4
 08/17  0:15,10,24.4,0.4,0.4,0.4,0.4
 08/17  0:16,10,24.4,0.4,0.4,0.4,0.4
 08/17  0:17,10,24.4,0.4,0.4,0.4,0.4
 08/17  0:18,10,24.4,0.4,0.4,0.4,0.4
 08/17  0:19,10,24.4,0.4,0.4,0.4,0.4
 08/17  0:20,10,24.4,0.4,0.4,0.4,0.4
 08/17  0:21,10,24.4,0.4,0.4,0.4,0.4
 08/17  0:22,10,24.4,0.4,0.4,0.4,0.4
 08/17  0:23,10,24.4,0.4,0.4,0.4,0.4
 08/17  0:24,10,24.4,0.4,0.4,0.4,0.4
 08/17  0:25,10,24.4,0.4,0.4,0.4,0.4
 08/17  0:26,10,24.4,0.4,0.4,0.4,0.4
 08/17  0:27,10,24.4,0.4,0.4,0.4,0.4
 08/17  0:28,10,24.4,0.4,0.4,0.4,0.4
 08/17  0:29,10,24.4,0.4,0.4,0.4,0.4
 08/17  0:30,10,24.4,0.4,0.4,0.4,0.4
 08/17  0:31,10,24.4,0.4,0.4,0.4,0.4
 08/17  0:32,10,24.4,0.4,0.4,0.4,0.4
 08/17  0:33,10,24.4,0.4,0.4,0.4,0.4
 08/17  0:34,10,24.4,0.4,0.4,0.4,0.4
 08/17  0:35,10,24.4,0.4,0.4,0.4,0.4
 08/17  0:36,10,24.4,0.4,0.4,0.4,0.4
 08/17  0:37,10,24.4,0.4,0.4,0.4,0.4
 08/17  0:38,10,24.4,0.4,0.4,0.4,0.4
 08/17  0:39,10,24.4,0.4,0.4,0.4,0.4
 08/17  0:40,10,24.4,0.4,0.4,0.4,0.4
 08/17  0:41,10,24.4,0.4,0.4,0.4,0.4
 08/17  0:42,10,24.4,0.4,0.4,0.4,0.4
 08/17  0:43,10,24.4,0.4,0.4,0.4,0.4
 08/17  0:44,10,24.4,0.4,0.4,0.4,0.4
 08/17  0:45,10,24.4,0.4,0.4,0.4,0.4
 08/17  0:46,10,24.4,0.4,0.4,0.4,0.4
 08/17  0:47,10,24.4,0.4,0.4,0.4,0.4
 08/17  0:48,10,24.4,0.4,0.4,0.4,0.4
 08/17  0:49,10,24.4,0.4,0.4,0.4,0.4
 08/17  0:50,10,24.4,0.4,0.4,0.4,0.4
 08/17  0:51,10,24.4,0.4,0.4,0.4,0.4
 08/17  0:52,10,24.4,0.4,0.4,0.4,0.4
 08/17  0:53,10,24.4,0.4,0.4,0.4,0.4
 08/17  0:54,10,24.4,0.4,0.4,0.4,0.4
 08/17  0:55,10,24.4,0.4,0.4,0.4,0.4
 08/17  0:56,10,24.4,0.4,0.4,0.4,0.4
 08/17  0:57,10,24.4,0.4,0.4,0.4,0.4
 08/17  0:58,10,24.4,0.4,0.4,0.4,0.4
 08/17  0:59,10,24.4,0.4,0.4,0.4,0.4
 08/17  1:00,10,24.4,0.4,0.4,0.4,0.4
 08/17  1:01,10,24.4,0.4,0.4,0.4,0.4
 08/17  1:02,10,24.4,0.4,0.4,0.4,0.4
 08/17  1:03,10,24.4,0.4,0.4,0.4,0.4
 08/17  1:04,10,24.4,0.4,0.4,0.4,0.4
 08/17  1:05,10,24.4,0.4,0.4,0.4,0.4
 08/17  1:06,10,24.4,0.4,0.4,0.4,0.4
 08/17  1:07,10,24.4,0.4,0.4,0.4,0.4
 08/17  1:08,10,24.4,0.4,0.4,0.4,0.4
 08/17  1:08,10,24.4,0.4,0.4,0.4,0.4
 08/17  1:09,10,24.4,0.4,0.4,0.4,0.4
 08/17  1:10,10,24.4,0.4,0.4,0.4,0.4
 08/17  1:11,10,24.4,0.4,0.4,0.4,0.4
 08/17  1:12,10,24.4,0.4,0.4,0.4,0.4
 08/17  1:13,10,24.4,0.4,0.4,0.4,0.4
 08/17  1:14,10,24.4,0.4,0.4,0.4,0.4
 08/17  1:15,10,24.4,0.4,0.4,0.4,0.4
 08/17  1:16,10,24.4,0.4,0.4,0.4,0.4
 08/17  1:17,10,24.4,0.4,0.4,0.4,0.4
 08/17  1:18,10,24.4,0.4,0.4,0.4,0.4
 08/17  1:19,10,24.4,0.4,0.4,0.4,0.4
 08/17  1:20,10,24.4,0.4,0.4,0.4,0.4
 08/17  1:21,10,24.4,0.4,0.4,0.4,0.4
 08/17  1:22,10,24.4,0.4,0.4,0.4,0.4
 08/17  1:23,10,24.4,0.4,0.4,0.4,0.4
 08/17  1:24,10,24.4,0.4,0.4,0.4,0.4
 08/17  1:25,10,24.4,0.4,0.4,0.4,0.4
 08/17  1:26,10,24.4,0.4,0.4,0.4,0.4
 08/17  1:27,10,24.4,0.4,0.4,0.4,0.4
 08/17  1:28,10,24.4,0.4,0.4,0.4,0.4
 08/17  1:29,10,24.4,0.4,0.4,0.4,0.4
 08/17  1:30,10,24.4,0.4,0.4,0.4,0.4
 08/17  1:31,10,24.4,0.4,0.4,0.4,0.4
 08/17  1:32,10,24.4,0.4,0.4,0.4,0.4
 08/17  1:33,10,24.4,0.4,0.4,0.4,0.4
 08/17  1:34,10,24.4,0.4,0.4,0.4,0.4
 08/17  1:35,10,24.4,0.4,0.4,0.4,0.4
 08/17  1:36,10,24.4,0.4,0.4,0.4,0.4
 08/17  1:37,10,24.4,0.4,0.4,0.4,0.4
 08/17  1:38,10,24.4,0.4,0.4,0.4,0.4
 08/17  1:39,10,24.4,0.4,0.4,0.4,0.4
 08/17  1:40,10,24.4,0.4,0.4,0.4,0.4
 08/17  1:41,10,24.4,0.4,0.4,0.4,0.4
 08/17  1:42,10,24.4,0.4,0.4,0.4,0.4
 08/17  1:43,10,24.4,0.4,0.4,0.4,0.4
 08/17  1:44,10,24.4,0.4,0.4,0.4,0.4
 08/17  1:45,10,24.4,0.4,0.4,0.4,0.4
 08/17  1:46,10,24.4,0.4,0.4,0.4,0.4
 08/17  1:47,10,24.4,0.4,0.4,0.4,0.4
 08/17  1:48,10,24.4,0.4,0.4,0.4,0.4
 08/17  1:49,10,24.4,0.4,0.4,0.4,0.4
 08/17  1:50,10,24.4,0.4,0.4,0.4,0.4
 08/17  1:51,10,24.4,0.4,0.4,0.4,0.4
 08/17  1:52,10,24.4,0.4,0.4,0.4,0.4
 08/17  1:53,10,24.4,0.4,0.4,0.4,0.4
 08/17  1:54,10,24.4,0.4,0.4,0.4,0.4
 08/17  1:55,10,24.4,0.4,0.4,0.4,0.4
 08/17  1:56,10,24.4,0.4,0.4,0.4,0.4
 08/17  1:57,10,24.4,0.4,0.4,0.4,0.4
 08/17  1:58,10,24.4,0.4,0.4,0.4,0.4
 08/17  1:59,10,24.4,0.4,0.4,0.4,0.4
 08/17  2:00,10,24.4,0.4,0.4,0.4,0.4
 08/17  2:01,10,24.4,0.4,0.4,0.4,0.4
 08/17  2:02,10,24.4,0.4,0.4,0.4,0.4
 08/17  2:03,10,24.4,0.4,0.4,0.4,0.4
 08/17  2:04,10,24.4,0.4,0.4,0.4,0.4
 08/17  2:05,10,24.4,0.4,0.4,0.4,0.4
 08/17  2:06,10,24.4,0.4,0.4,0.4,0.4
 08/17  2:07,10,24.4,0.4,0.4,0.4,0.4
 08/17  2:08,10,24.4,0.4,0.4,0.4,0.4
 08/17  2:09,10,24.4,0.4,0.4,0.4,0.4
 08/17  2:10,10,24.4,0.4,0.4,0.4,0.4
 08/17  2:11,10,24.4,0.4,0.4,0.4,0.4
 08/17  2:12,10,24.4,0.4,0.4,0.4,0.4
 08/17  2:13,10,24.4,0.4,0.4,0.4,0.4
 08/17  2:14,10,24.4,0.4,0.4,0.4,0.4
 08/17  2:15,10,24.4,0.4,0.4,0.4,0.4
 08/17  2:16,10,24.4,0.4,0.4,0.4,0.4
 08/17  2:17,10,24.4,0.4,0.4,0.4,0.4
 08/17  2:18,10,24.4,0.4,0.4,0.4,0.4
 08/17  2:19,10,24.4,0.4,0.4,0.4,0.4
 08/17  2:20,10,24.4,0.4,0.4,0.4,0.4
 08/17  2:21,10,24.4,0.4,0.4,0.4,0.4
 08/17  2:22,10,24.4,0.4,0.4,0.4,0.4
 08/17  2:23,10,24.4,0.4,0.4,0.4,0.4
 08/17  2:24,10,24.4,0.4,0.4,0.4,0.4
 08/17  2:25,10,24.4,0.4,0.4,0.4,0.4
 08/17  2:26,10,24.4,0.4,0.4,0.4,0.4
 08/17  2:27,10,24.4,0.4,0.4,0.4,0.4
 08/17  2:28,10,24.4,0.4,0.4,0.4,0.4
 08/17  2:29,10,24.4,0.4,0.4,0.4,0.4
 08/17  2:30,10,24.4,0.4,0.4,0.4,0.4
 08/17  2:31,10,24.4,0.4,0.4,0.4,0.4
 08/17  2:32,10,24.4,0.4,0.4,0.4,0.4
 08/17  2:33,10,24.4,0.4,0.4,0.4,0.4
 08/17  2:34,10,24.4,0.4,0.4,0.4,0.4
 08/17  2:35,10,24.4,0.4,0.4,0.4,0.4
 08/17  2:36,10,24.4,0.4,0.4,0.4,0.4
 08/17  2:37,10,24.4,0.4,0.4,0.4,0.4
 08/17  2:38,10,24.4,0.4,0.4,0.4,0.4
 08/17  2:39,10,24.4,0.4,0.4,0.4,0.4
 08/17  2:40,10,24.4,0.4,0.4,0.4,0.4
 08/17  2:41,10,24.4,0.4,0.4,0.4,0.4
 08/17  2:42,10,24.4,0.4,0.4,0.4,0.4
 08/17  2:43,10,24.4,0.4,0.4,0.4,0.4
 08/17  2:44,10,24.4,0.4,0.4,0.4,0.4
 08/17  2:45,10,24.4,0.4,0.4,0.4,0.4
 08/17  2:46,10,24.4,0.4,0.4,0.4,0.4
 08/17  2:47,10,24.4,0.4,0.4,0.4,0.4
 08/17  2:48,10,24.4,0.4,0.4,0.4,0.4
 08/17  2:49,10,24.4,0.4,0.4,0.4,0.4
 08/17  2:50,10,24.4,0.4,0.4,0.4,0.4
 08/17  2:51,10,24.4,0.4,0.4,0.4,0.4
 08/17  2:52,10,24.4,0.4,0.4,0.4,0.4
 08/17  2:53,10,24.4,0.4,0.4,0.4,0.4
 08/17  2:54,10,24.4,0.4,0.4,0.4,0.4
 08/17  2:55,10,24.4,0.4,0.4,0.4,0.4
 08/17  2:56,10,24.4,0.4,0.4,0.4,0.4
 08/17  2:57,10,24.4,0.4,0.4,0.4,0.4
 08/17  2:58,10,24.4,0.4,0.4,0.4,0.4
 08/17  2:59,10,24.4,0.4,0.4,0.4,0.4
 08/17  3:00,10,24.4,0.4,0.4,0.4,0.4
 08/17  3:01,10,24.4,0.4,0.4,0.4,0.4
 08/17  3:02,10,24.4,0.4,0.4,0.4,0.4
 08/17  3:03,10,24.4,0.4,0.4,0.4,0.4
 08/17  3:04,10,24.4,0.4,0.4,0.4,0.4
 08/17  3:05,10,24.4,0.4,0.4,0.4,0.4
 08/17  3:06,10,24.4,0.4,0.4,0.4,0.4
 08/17  3:07,10,24.4,0.4,0.4,0.4,0.4
 08/17  3:08,10,24.4,0.4,0.4,0.4,0.4
 08/17  3:09,10,24.4,0.4,0.4,0.4,0.4
 08/17  3:10,10,24.4,0.4,0.4,0.4,0.4
 08/17  3:11,10,24.4,0.4,0.4,0.4,0.4
 08/17  3:12,10,24.4,0.4,0.4,0.4,0.4
 08/17  3:13,10,24.4,0.4,0.4,0.4,0.4
 08/17  3:14,10,24.4,0.4,0.4,0.4,0.4
 08/17  3:15,10,24.4,0.4,0.4,0.4,0.4
 08/17  3:16,10,24.4,0.4,0.4,0.4,0.4
 08/17  3:17,10,24.4,0.4,0.4,0.4,0.4
 08/17  3:18,10,24.4,0.4,0.4,0.4,0.4
 08/17  3:19,10,24.4,0.4,0.4,0.4,0.4
 08/17  3:20,10,24.4,0.4,0.4,0.4,0.4
 08/17  3:21,10,24.4,0.4,0.4,0.4,0.4
 08/17  3:22,10,24.4,0.4,0.4,0.4,0.4
 08/17  3:23,10,24.4,0.4,0.4,0.4,0.4
 08/17  3:24,10,24.4,0.4,0.4,0.4,0.4
 08/17  3:25,10,24.4,0.4,0.4,0.4,0.4
 08/17  3:26,10,24.4,0.4,0.4,0.4,0.4
 08/17  3:27,10,24.4,0.4,0.4,0.4,0.4
 08/17  3:28,10,24.4,0.4,0.4,0.4,0.4
 08/17  3:29,10,24.4,0.4,0.4,0.4,0.4
 08/17  3:30,10,24.4,0.4,0.4,0.4,0.4
 08/17  3:31,10,24.4,0.4,0.4,0.4,0.4
 08/17  3:32,10,24.4,0.4,0.4,0.4,0.4
 08/17  3:33,10,24.4,0.4,0.4,0.4,0.4
 08/17  3:34,10,24.4,0.4,0.4,0.4,0.4
 08/17  3:35,10,24.4,0.4,0.4,0.4,0.4
 08/17  3:36,10,24.4,0.4,0.4,0.4,0.4
 08/17  3:37,10,24.4,0.4,0.4,0.4,0.4
 08/17  3:38,10,24.4,0.4,0.4,0.4,0.4
 08/17  3:39,10,24.4,0.4,0.4,0.4,0.4
 08/17  3:40,10,24.4,0.4,0.4,0.4,0.4
 08/17  3:41,10,24.4,0.4,0.4,0.4,0.4
 08/17  3:42,10,24.4,0.4,0.4,0.4,0.4
 08/17  3:43,10,24.4,0.4,0.4,0.4,0.4
 08/17  3:44,10,24.4,0.4,0.4,0.4,0.4
 08/17  3:45,10,24.4,0.4,0.4,0.4,0.4
 08/17  3:46,10,24.4,0.4,0.4,0.4,0.4
 08/17  3:47,10,24.4,0.4,0.4,0.4,0.4
 08/17  3:48,10,24.4,0.4,0.4,0.4,0.4
 08/17  3:49,10,24.4,0.4,0.4,0.4,0.4
 08/17  3:50,10,24.4,0.4,0.4,0.4,0.4
 08/17  3:51,10,24.4,0.4,0.4,0.4,0.4
 08/17  3:52,10,24.4,0.4,0.4,0.4,0.4
 08/17  3:53,10,24.4,0.4,0.4,0.4,0.4
 08/17  3:54,10,24.4,0.4,0.4,0.4,0.4
 08/17  3:55,10,24.4,0.4,0.4,0.4,0.4
 08/17  3:56,10,24.4,0.4,0.4,0.4,0.4
 08/17  3:57,10,24.4,0.4,0.4,0.4,0.4
 08/17  3:58,10,24.4,0.4,0.4,0.4,0.4
 08/17  3:59,10,24.4,0.4,0.4,0.4,0.4
 08/17  4:00,10,24.4,0.4,0.4,0.4,0.4
 08/17  4:01,10,24.4,0.4,0.4,0.4,0.4
 08/17  4:02,10,24.4,0.4,0.4,0.4,0.4
 08/17  4:03,10,24.4,0.4,0.4,0.4,0.4
 08/17  4:04,10,24.4,0.4,0.4,0.4,0.4
 08/17  4:05,10,24.4,0.4,0.4,0.4,0.4
 08/17  4:06,10,24.4,0.4,0.4,0.4,0.4
 08/17  4:07,10,24.4,0.4,0.4,0.4,0.4
 08/17  4:08,10,24.4,0.4,0.4,0.4,0.4
 08/17  4:09,10,24.4,0.4,0.4,0.4,0.4
 08/17  4:10,10,24.4,0.4,0.4,0.4,0.4
 08/17  4:11,10,24.4,0.4,0.4,0.4,0.4
 08/17  4:12,10,24.4,0.4,0.4,0.4,0.4
 08/17  4:13,10,24.4,0.4,0.4,0.4,0.4
 08/17  4:14,10,24.4,0.4,0.4,0.4,0.4
 08/17  4:15,10,24.4,0.4,0.4,0.4,0.4
 08/17  4:16,10,24.4,0.4,0.4,0.4,0.4
 08/17  4:17,10,24.4,0.4,0.4,0.4,0.4
 08/17  4:18,10,24.4,0.4,0.4,0.4,0.4
 08/17  4:19,10,24.4,0.4,0.4,0.4,0.4
 08/17  4:20,10,24.4,0.4,0.4,0.4,0.4
 08/17  4:21,10,24.4,0.4,0.4,0.4,0.4
 08/17  4:22,10,24.4,0.4,0.4,0.4,0.4
 08/17  4:23,10,24.4,0.4,0.4,0.4,0.4
 08/17  4:24,10,24.4,0.4,0.4,0.4,0.4
 08/17  4:25,10,24.4,0.4,0.4,0.4,0.4
 08/17  4:26,10,24.4,0.4,0.4,0.4,0.4
 08/17  4:27,10,24.4,0.4,0.4,0.4,0.4
 08/17  4:28,10,24.4,0.4,0.4,0.4,0.4
 08/17  4:29,10,24.4,0.4,0.4,0.4,0.4
 08/17  4:30,10,24.4,0.4,0.4,0.4,0.4
 08/17  4:31,10,24.4,0.4,0.4,0.4,0.4
 08/17  4:32,10,24.4,0.4,0.4,0.4,0.4
 08/17  4:33,10,24.4,0.4,0.4,0.4,0.4
 08/17  4:34,10,24.4,0.4,0.4,0.4,0.4
 08/17  4:35,10,24.4,0.4,0.4,0.4,0.4
 08/17  4:36,10,24.4,0.4,0.4,0.4,0.4
 08/17  4:37,10,24.4,0.4,0.4,0.4,0.4
 08/17  4:38,10,24.4,0.4,0.4,0.4,0.4
 08/17  4:39,10,24.4,0.4,0.4,0.4,0.4
 08/17  4:40,10,24.4,0.4,0.4,0.4,0.4
 08/17  4:41,10,24.4,0.4,0.4,0.4,0.4
 08/17  4:42,10,24.4,0.4,0.4,0.4,0.4
 08/17  4:43,10,24.4,0.4,0.4,0.4,0.4
 08/17  4:44,10,24.4,0.4,0.4,0.4,0.4
 08/17  4:45,10,24.4,0.4,0.4,0.4,0.4
 08/17  4:46,10,24.4,0.4,0.4,0.4,0.4
 08/17  4:47,10,24.4,0.4,0.4,0.4,0.4
 08/17  4:48,10,24.4,0.4,0.4,0.4,0.4
 08/17  4:49,10,24.4,0.4,0.4,0.4,0.4
 08/17  4:50,10,24.4,0.4,0.4,0.4,0.4
 08/17  4:51,10,24.4,0.4,0.4,0.4,0.4
 08/17  4:52,10,24.4,0.4,0.4,0.4,0.4
 08/17  4:53,10,24.4,0.4,0.4,0.4,0.4
 08/17  4:54,10,24.4,0.4,0.4,0.4,0.4
 08/17  4:55,10,24.4,0.4,0.4,0.4,0.4
 08/17  4:56,10,24.4,0.4,0.4,0.4,0.4
 08/17  4:57,10,24.4,0.4,0.4,0.4,0.4
 08/17  4:58,10,24.4,0.4,0.4,0.4,0.4
 08/17  4:59,10,24.4,0.4,0.4,0.4,0.4
 08/17  5:00,10,24.4,0.4,0.4,0.4,0.4
 08/17  5:01,10,24.4,0.4,0.4,0.4,0.4
 08/17  5:02,10,24.4,0.4,0.4,0.4,0.4
 08/17  5:03,10,24.4,0.4,0.4,0.4,0.4
 08/17  5:04,10,24.4,0.4,0.4,0.4,0.4
 08/17  5:05,10,24.4,0.4,0.4,0.4,0.4
 08/17  5:06,10,24.4,0.4,0.4,0.4,0.4
 08/17  5:07,10,24.4,0.4,0.4,0.4,0.4
 08/17  5:08,10,24.4,0.4,0.4,0.4,0.4
 08/17  5:09,10,24.4,0.4,0.4,0.4,0.4
 08/17  5:10,10,24.4,0.4,0.4,0.4,0.4
 08/17  5:11,10,24.4,0.4,0.4,0.4,0.4
 08/17  5:12,10,24.4,0.4,0.4,0.4,0.4
 08/17  5:13,10,24.4,0.4,0.4,0.4,0.4
 08/17  5:14,10,24.4,0.4,0.4,0.4,0.4
 08/17  5:15,10,24.4,0.4,0.4,0.4,0.4
 08/17  5:16,10,24.4,0.4,0.4,0.4,0.4
 08/17  5:17,10,24.4,0.4,0.4,0.4,0.4
 08/17  5:18,10,24.4,0.4,0.4,0.4,0.4
 08/17  5:19,10,24.4,0.4,0.4,0.4,0.4
 08/17  5:20,10,24.4,0.4,0.4,0.4,0.4
 08/17  5:21,10,24.4,0.4,0.4,0.4,0.4
 08/17  5:22,10,24.4,0.4,0.4,0.4,0.4
 08/17  5:23,10,24.4,0.4,0.4,0.4,0.4
 08/17  5:24,10,24.4,0.4,0.4,0.4,0.4
 08/17  5:25,10,24.4,0.4,0.4,0.4,0.4
 08/17  5:26,10,24.4,0.4,0.4,0.4,0.4
 08/17  5:27,10,24.4,0.4,0.4,0.4,0.4
 08/17  5:28,10,24.4,0.4,0.4,0.4,0.4
 08/17  5:29,10,24.4,0.4,0.4,0.4,0.4
 08/17  5:30,10,24.4,0.4,0.4,0.4,0.4
 08/17  5:31,10,24.4,0.4,0.4,0.4,0.4
 08/17  5:32,10,24.4,0.4,0.4,0.4,0.4
 08/17  5:33,10,24.4,0.4,0.4,0.4,0.4
 08/17  5:34,10,24.4,0.4,0.4,0.4,0.4
 08/17  5:35,10,24.4,0.4,0.4,0.4,0.4
 08/17  5:36,10,24.4,0.4,0.4,0.4,0.4
 08/17  5:37,10,24.4,0.4,0.4,0.4,0.4
 08/17  5:38,10,24.4,0.4,0.4,0.4,0.4
 08/17  5:39,10,24.4,0.4,0.4,0.4,0.4
 08/17  5:40,10,24.4,0.4,0.4,0.4,0.4
 08/17  5:41,10,24.4,0.4,0.4,0.4,0.4
 08/17  5:42,10,24.4,0.4,0.4,0.4,0.4
 08/17  5:43,10,24.4,0.4,0.4,0.4,0.4
 08/17  5:44,10,24.4,0.4,0.4,0.4,0.4
 08/17  5:45,10,24.4,0.4,0.4,0.4,0.4
 08/17  5:46,10,24.4,0.4,0.4,0.4,0.4
 08/17  5:47,10,24.4,0.4,0.4,0.4,0.4
 08/17  5:48,10,24.4,0.4,0.4,0.4,0.4
 08/17  5:49,10,24.4,0.4,0.4,0.4,0.4
 08/17  5:50,10,24.4,0.4,0.4,0.4,0.4
 08/17  5:51,10,24.4,0.4,0.4,0.4,0.4
 08/17  5:52,10,24.4,0.4,0.4,0.4,0.4
 08/17  5:53,10,24.4,0.4,0.4,0.4,0.4
 08/17  5:54,10,24.4,0.4,0.4,0.4,0.4
 08/17  5:55,10,24.4,0.4,0.4,0.4,0.4
 08/17  5:56,10,24.4,0.4,0.4,0.4,0.4
 08/17  5:57,10,24.4,0.4,0.4,0.4,0.4
 08/17  5:58,10,24.4,0.4,0.4,0.4,0.4
 08/17  5:59,10,24.4,0.4,0.4,0.4,0.4
 08/17  6:00,10,24.4,0.4,0.4,0.4,0.4
 08/17  6:01,10,24.4,0.4,0.4,0.4,0.4
 08/17  6:02,10,24.4,0.4,0.4,0.4,0.4
 08/17  6:03,10,24.4,0.4,0.4,0.4,0.4
 08/17  6:04,10,24.4,0.4,0.4,0.4,0.4
 08/17  6:05,10,24.4,0.4,0.4,0.4,0.4
 08/17  6:06,10,24.4,0.4,0.4,0.4,0.4
 08/17  6:07,10,24.4,0.4,0.4,0.4,0.4
 08/17  6:08,10,24.4,0.4,0.4,0.4,0.4
 08/17  6:09,10,24.4,0.4,0.4,0.4,0.4
 08/17  6:10,10,24.4,0.4,0.4,0.4,0.4
 08/17  6:11,10,24.4,0.4,0.4,0.4,0.4
 08/17  6:12,10,24.4,0.4,0.4,0.4,0.4
 08/17  6:13,10,24.4,0.4,0.4,0.4,0.4
 08/17  6:14,10,24.4,0.4,0.4,0.4,0.4
 08/17  6:15,10,24.4,0.4,0.4,0.4,0.4
 08/17  6:16,10,24.4,0.4,0.4,0.4,0.4
 08/17  6:17,10,24.4,0.4,0.4,0.4,0.4
 08/17  6:18,10,24.4,0.4,0.4,0.4,0.4
 08/17  6:19,10,24.4,0.4,0.4,0.4,0.4
 08/17  6:20,10,24.4,0.4,0.4,0.4,0.4
 08/17  6:21,10,24.4,0.4,0.4,0.4,0.4
 08/17  6:22,10,24.4,0.4,0.4,0.4,0.4
 08/17  6:23,10,24.4,0.4,0.4,0.4,0.4
 08/17  6:24,10,24.4,0.4,0.4,0.4,0.4
 08/17  6:25,10,24.4,0.4,0.4,0.4,0.4
 08/17  6:26,10,24.4,0.4,0.4,0.4,0.4
 08/17  6:27,10,24.4,0.4,0.4,0.4,0.4
 08/17  6:28,10,24.4,0.4,0.4,0.4,0.4
 08/17  6:29,10,24.4,0.4,0.4,0.4,0.4
 08/17  6:30,10,24.4,0.4,0.4,0.4,0.4
 08/17  6:31,10,24.4,0.4,0.4,0.4,0.4
 08/17  6:32,10,24.4,0.4,0.4,0.4,0.4
 08/17  6:33,10,24.4,0.4,0.4,0.4,0.4
 08/17  6:34,10,24.4,0.4,0.4,0.4,0.4
 08/17  6:35,10,24.4,0.4,0.4,0.4,0.4
 08/17  6:36,10,24.4,0.4,0.4,0.4,0.4
 08/17  6:37,10,24.4,0.4,0.4,0.4,0.4
 08/17  6:38,10,24.4,0.4,0.4,0.4,0.4
 08/17  6:39,10,24.4,0.4,0.4,0.4,0.4
 08/17  6:40,10,24.4,0.4,0.4,0.4,0.4
 08/17  6:41,10,24.4,0.4,0.4,0.4,0.4
 08/17  6:42,10,24.4,0.4,0.4,0.4,0.4
 08/17  6:43,10,24.4,0.4,0.4,0.4,0.4
 08/17  6:44,10,24.4,0.4,0.4,0.4,0.4
 08/17  6:45,10,24.4,0.4,0.4,0.4,0.4
 08/17  6:46,10,24.4,0.4,0.4,0.4,0.4
 08/17  6:47,10,24.4,0.4,0.4,0.4,0.4
 08/17  6:48,10,24.4,0.4,0.4,0.4,0.4
 08/17  6:49,10,24.4,0.4,0.4,0.4,0.4
 08/17  6:50,10,24.4,0.4,0.4,0.4,0.4
 08/17  6:51,10,24.4,0.4,0.4,0.4,0.4
 08/17  6:52,10,24.4,0.4,0.4,0.4,0.4
 08/17  6:53,10,24.4,0.4,0.4,0.4,0.4
 08/17  6:54,10,24.4,0.4,0.4,0.4,0.4
 08/17  6:55,10,24.4,0.4,0.4,0.4,0.4
 08/17  6:56,10,24.4,0.4,0.4,0.4,0.4
 08/17  6:57,10,24.4,0.4,0.4,0.4,0.4
 08/17  6:58,10,24.4,0.4,0.4,0.4,0.4
 08/17  6:59,10,24.4,0.4,0.4,0.4,0.4
 08/17  7:00,10,24.4,0.4,0.4,0.4,0.4
 08/17  7:01,10,24.4,0.4,0.4,0.4,0.4
 08/17  7:02,10,24.4,0.4,0.4,0.4,0.4
 08/17  7:03,10,24.4,0.4,0.4,0.4,0.4
 08/17  7:04,10,24.4,0.4,0.4,0.4,0.4
 08/17  7:05,10,24.4,0.4,0.4,0.4,0.4
 08/17  7:06,10,24.4,0.4,0.4,0.4,0.4
 08/17  7:07,10,24.4,0.4,0.4,0.4,0.4
 08/17  7:08,10,24.4,0.4,0.4,0.4,0.4
 08/17  7:09,10,24.4,0.4,0.4,0.4,0.4
 08/17  7:10,10,24.4,0.4,0.4,0.4,0.4
 08/17  7:11,10,24.4,0.4,0.4,0.4,0.4
 08/17  7:12,10,24.4,0.4,0.4,0.4,0.4
 08/17  7:13,10,24.4,0.4,0.4,0.4,0.4
 08/17  7:14,10,24.4,0.4,0.4,0.4,0.4
 08/17  7:15,10,24.4,0.4,0.4,0.4,0.4
 08/17  7:16,10,24.4,0.4,0.4,0.4,0.4
 08/17  7:17,10,24.4,0.4,0.4,0.4,0.4
 08/17  7:18,10,24.4,0.4,0.4,0.4,0.4
 08/17  7:19,10,24.4,0.4,0.4,0.4,0.4
 08/17  7:20,10,24.4,0.4,0.4,0.4,0.4
 08/17  7:21,10,24.4,0.4,0.4,0.4,0.4
 08/17  7:22,10,24.4,0.4,0.4,0.4,0.4
 08/17  7:23,10,24.4,0.4,0.4,0.4,0.4
 08/17  7:24,10,24.4,0.4,0.4,0.4,0.4
 08/17  7:25,10,24.4,0.4,0.4,0.4,0.4
 08/17  7:26,10,24.4,0.4,0.4,0.4,0.4
 08/17  7:27,10,24.4,0.4,0.4,0.4,0.4
 08/17  7:28,10,24.4,0.4,0.4,0.4,0.4
 08/17  7:29,10,24.4,0.4,0.4,0.4,0.4
 08/17  7:30,10,24.4,0.4,0.4,0.4,0.4
 08/17  7:31,10,24.4,0.4,0.4,0.4,0.4
 08/17  7:32,10,24.4,0.4,0.4,0.4,0.4
 08/17  7:33,10,24.4,0.4,0.4,0.4,0.4
 08/17  7:34,10,24.4,0.4,0.4,0.4,0.4
 08/17  7:35,10,24.4,0.4,0.4,0.4,0.4
 08/17  7:36,10,24.4,0.4,0.4,0.4,0.4
 08/17  7:37,10,24.4,0.4,0.4,0.4,0.4
 08/17  7:38,10,24.4,0.4,0.4,0.4,0.4
 08/17  7:39,10,24.4,0.4,0.4,0.4,0.4
 08/17  7:40,10,24.4,0.4,0.4,0.4,0.4
 08/17  7:41,10,24.4,0.4,0.4,0.4,0.4
 08/17  7:42,10,24.4,0.4,0.4,0.4,0.4
 08/17  7:43,10,24.4,0.4,0.4,0.4,0.4
 08/17  7:44,10,24.4,0.4,0.4,0.4,0.4
 08/17  7:45,10,24.4,0.4,0.4,0.4,0.4
 08/17  7:46,10,24.4,0.4,0.4,0.4,0.4
 08/17  7:47,10,24.4,0.4,0.4,0.4,0.4
 08/17  7:48,10,24.4,0.4,0.4,0.4,0.4
 08/17  7:49,10,24.4,0.4,0.4,0.4,0.4
 08/17  7:50,10,24.4,0.4,0.4,0.4,0.4
 08/17  7:51,10,24.4,0.4,0.4,0.4,0.4
 08/17  7:52,10,24.4,0.4,0.4,0.4,0.4
 08/17  7:53,10,24.4,0.4,0.4,0.4,0.4
 08/17  7:54,10,24.4,0.4,0.4,0.4,0.4
 08/17  7:55,10,24.4,0.4,0.4,0.4,0.4
 08/17  7:56,10,24.4,0.4,0.4,0.4,0.4
 08/17  7:57,10,24.4,0.4,0.4,0.4,0.4
 08/17  7:58,10,24.4,0.4,0.4,0.4,0.4
 08/17  7:59,10,24.4,0.4,0.4,0.4,0.4
 08/17  8:00,10,24.4,0.4,0.4,0.4,0.4
 08/17  8:01,10,24.4,0.4,0.4,0.4,0.4
 08/17  8:02,10,24.4,0.4,0.4,0.4,0.4
 08/17  8:03,10,24.4,0.4,0.4,0.4,0.4
 08/17  8:04,10,24.4,0.4,0.4,0.4,0.4
 08/17  8:05,10,24.4,0.4,0.4,0.4,0.4
 08/17  8:06,10,24.4,0.4,0.4,0.4,0.4
 08/17  8:07,10,24.4,0.4,0.4,0.4,0.4
 08/17  8:08,10,24.4,0.4,0.4,0.4,0.4
 08/17  8:09,10,24.4,0.4,0.4,0.4,0.4
 08/17  8:10,10,24.4,0.4,0.4,0.4,0.4
 08/17  8:11,10,24.4,0.4,0.4,0.4,0.4
 08/17  8:12,10,24.4,0.4,0.4,0.4,0.4
 08/17  8:13,10,24.4,0.4,0.4,0.4,0.4
 08/17  8:14,10,24.4,0.4,0.4,0.4,0.4
 08/17  8:15,10,24.4,0.4,0.4,0.4,0.4
 08/17  8:16,10,24.4,0.4,0.4,0.4,0.4
 08/17  8:17,10,24.4,0.4,0.4,0.4,0.4
 08/17  8:18,10,24.4,0.4,0.4,0.4,0.4
 08/17  8:19,10,24.4,0.4,0.4,0.4,0.4
 08/17  8:20,10,24.4,0.4,0.4,0.4,0.4
 08/17  8:21,10,24.4,0.4,0.4,0.4,0.4
 08/17  8:22,10,24.4,0.4,0.4,0.4,0.4
 08/17  8:23,10,24.4,0.4,0.4,0.4,0.4
 08/17  8:24,10,24.4,0.4,0.4,0.4,0.4
 08/17  8:25,10,24.4,0.4,0.4,0.4,0.4
 08/17  8:26,10,24.4,0.4,0.4,0.4,0.4
 08/17  8:27,10,24.4,0.4,0.4,0.4,0.4
 08/17  8:28,10,24.4,0.4,0.4,0.4,0.4
 08/17  8:29,10,24.4,0.4,0.4,0.4,0.4
 08/17  8:30,10,24.4,0.4,0.4,0.4,0.4
 08/17  8:31,10,24.4,0.4,0.4,0.4,0.4
 08/17  8:32,10,24.4,0.4,0.4,0.4,0.4
 08/17  8:33,10,24.4,0.4,0.4,0.4,0.4
 08/17  8:34,10,24.4,0.4,0.4,0.4,0.4
 08/17  8:35,10,24.4,0.4,0.4,0.4,0.4
 08/17  8:36,10,24.4,0.4,0.4,0.4,0.4
 08/17  8:37,10,24.4,0.4,0.4,0.4,0.4
 08/17  8:38,10,24.4,0.4,0.4,0.4,0.4
 08/17  8:39,10,24.4,0.4,0.4,0.4,0.4
 08/17  8:40,10,24.4,0.4,0.4,0.4,0.4
 08/17  8:41,10,24.4,0.4,0.4,0.4,0.4
 08/17  8:42,10,24.4,0.4,0.4,0.4,0.4
 08/17  8:43,10,24.4,0.4,0.4,0.4,0.4
 08/17  8:44,10,24.4,0.4,0.4,0.4,0.4
 08/17  8:45,10,24.4,0.4,0.4,0.4,0.4
 08/17  8:46,10,24.4,0.4,0.4,0.4,0.4
 08/17  8:47,10,24.4,0.4,0.4,0.4,0.4
 08/17  8:48,10,24.4,0.4,0.4,0.4,0.4
 08/17  8:49,10,24.4,0.4,0.4,0.4,0.4
 08/17  8:50,10,24.4,0.4,0.4,0.4,0.4
 08/17  8:51,10,24.4,0.4,0.4,0.4,0.4
 08/17  8:52,10,24.4,0.4,0.4,0.4,0.4
 08/17  8:53,10,24.4,0.4,0.4,0.4,0.4
 08/17  8:54,10,24.4,0.4,0.4,0.4,0.4
 08/17  8:55,10,24.4,0.4,0.4,0.4,0.4
 08/17  8:56,10,24.4,0.4,0.4,0.4,0.4
 08/17  8:57,10,24.4,0.4,0.4,0.4,0.4
 08/17  8:58,10,24.4,0.4,0.4,0.4,0.4
 08/17  8:59,10,24.4,0.4,0.4,0.4,0.4
 08/17  9:00,10,21.7,0.4,0.7,0.4,0.7
 08/17  9:01,10,21.7,0.4,0.7,0.4,0.7
 08/17  9:02,10,21.7,0.4,0.7,0.4,0.7
 08/17  9:03,10,21.7,0.4,0.7,0.4,0.7
 08/17  9:04,10,21.7,0.4,0.7,0.4,0.7
 08/17  9:05,10,21.7,0.4,0.7,0.4,0.7
 08/17  9:06,10,21.7,0.4,0.7,0.4,0.7
 08/17  9:07,10,21.7,0.4,0.7,0.4,0.7
 08/17  9:08,10,21.7,0.4,0.7,0.4,0.7
 08/17  9:09,10,21.7,0.4,0.7,0.4,0.7
 08/17  9:10,10,21.7,0.4,0.7,0.4,0.7
 08/17  9:11,10,21.7,0.4,0.7,0.4,0.7
 08/17  9:12,10,21.7,0.4,0.7,0.4,0.7
 08/17  9:13,10,21.7,0.4,0.7,0.4,0.7
 08/17  9:14,10,21.7,0.4,0.7,0.4,0.7
 08/17  9:15,10,21.7,0.4,0.7,0.4,0.7
 08/17  9:16,10,21.7,0.4,0.7,0.4,0.7
 08/17  9:17,10,21.7,0.4,0.7,0.4,0.7
 08/17  9:18,10,21.7,0.4,0.7,0.4,0.7
 08/17  9:19,10,21.7,0.4,0.7,0.4,0.7
 08/17  9:20,10,21.7,0.4,0.7,0.4,0.7
 08/17  9:21,10,21.7,0.4,0.7,0.4,0.7
 08/17  9:22,10,21.7,0.4,0.7,0.4,0.7
 08/17  9:23,10,21.7,0.4,0.7,0.4,0.7
 08/17  9:24,10,21.7,0.4,0.7,0.4,0.7
 08/17  9:25,10,21.7,0.4,0.7,0.4,0.7
 08/17  9:26,10,21.7,0.4,0.7,0.4,0.7
 08/17  9:27,10,21.7,0.4,0.7,0.4,0.7
 08/17  9:28,10,21.7,0.4,0.7,0.4,0.7
 08/17  9:29,10,21.7,0.4,0.7,0.4,0.7
 08/17  9:30,10,21.7,0.4,0.7,0.4,0.7
 08/17  9:31,10,21.7,0.4,0.7,0.4,0.7
 08/17  9:32,10,21.7,0.4,0.7,0.4,0.7
 08/17  9:33,10,21.7,0.4,0.7,0.4,0.7
 08/17  9:34,10,21.7,0.4,0.7,0.4,0.7
 08/17  9:35,10,21.7,0.4,0.7,0.4,0.7
 08/17  9:36,10,21.7,0.4,0.7,0.4,0.7
 08/17  9:37,10,21.7,0.4,0.7,0.4,0.7
 08/17  9:38,10,21.7,0.4,0.7,0.4,0.7
 08/17  9:39,10,21.7,0.4,0.7,0.4,0.7
 08/17  9:40,10,21.7,0.4,0.7,0.4,0.7
 08/17  9:41,10,21.7,0.4,0.7,0.4,0.7
 08/17  9:42,10,21.7,0.4,0.7,0.4,0.7
 08/17  9:43,10,21.7,0.4,0.7,0.4,0.7
 08/17  9:44,10,21.7,0.4,0.7,0.4,0.7
 08/17  9:45,10,21.7,0.4,0.7,0.4,0.7
 08/17  9:46,10,21.7,0.4,0.7,0.4,0.7
 08/17  9:47,10,21.7,0.4,0.7,0.4,0.7
 08/17  9:48,10,21.7,0.4,0.7,0.4,0.7
 08/17  9:49,10,21.7,0.4,0.7,0.4,0.7
 08/17  9:50,10,21.7,0.4,0.7,0.4,0.7
 08/17  9:51,10,21.7,0.4,0.7,0.4,0.7
 08/17  9:52,10,21.7,0.4,0.7,0.4,0.7
 08/17  9:53,10,21.7,0.4,0.7,0.4,0.7
 08/17  9:54,10,21.7,0.4,0.7,0.4,0.7
 08/17  9:55,10,21.7,0.4,0.7,0.4,0.7
 08/17  9:56,10,21.7,0.4,0.7,0.4,0.7
 08/17  9:57,10,21.7,0.4,0.7,0.4,0.7
 08/17  9:58,10,21.7,0.4,0.7,0.4,0.7
 08/17  9:59,10,21.7,0.4,0.7,0.4,0.7
 08/17  10:00,10,21.7,0.4,0.4,0.4,0.4
 08/17  10:01,10,21.7,0.4,0.4,0.4,0.4
 08/17  10:02,10,21.7,0.4,0.4,0.4,0.4
 08/17  10:03,10,21.7,0.4,0.4,0.4,0.4
 08/17  10:04,10,21.7,0.4,0.4,0.4,0.4
 08/17  10:05,10,21.7,0.4,0.4,0.4,0.4
 08/17  10:06,10,21.7,0.4,0.4,0.4,0.4
 08/17  10:07,10,21.7,0.4,0.4,0.4,0.4
 08/17  10:08,10,21.7,0.4,0.4,0.4,0.4
 08/17  10:09,10,21.7,0.4,0.4,0.4,0.4
 08/17  10:10,10,21.7,0.4,0.4,0.4,0.4
 08/17  10:11,10,21.7,0.4,0.4,0.4,0.4
 08/17  10:12,10,21.7,0.4,0.4,0.4,0.4
 08/17  10:13,10,21.7,0.4,0.4,0.4,0.4
 08/17  10:14,10,21.7,0.4,0.4,0.4,0.4
 08/17  10:15,10,21.7,0.4,0.4,0.4,0.4
 08/17  10:16,10,21.7,0.4,0.4,0.4,0.4
 08/17  10:17,10,21.7,0.4,0.4,0.4,0.4
 08/17  10:18,10,21.7,0.4,0.4,0.4,0.4
 08/17  10:19,10,21.7,0.4,0.4,0.4,0.4
 08/17  10:20,10,21.7,0.4,0.4,0.4,0.4
 08/17  10:21,10,21.7,0.4,0.4,0.4,0.4
 08/17  10:22,10,21.7,0.4,0.4,0.4,0.4
 08/17  10:23,10,21.7,0.4,0.4,0.4,0.4
 08/17  10:24,10,21.7,0.4,0.4,0.4,0.4
 08/17  10:25,10,21.7,0.4,0.4,0.4,0.4
 08/17  10:26,10,21.7,0.4,0.4,0.4,0.4
 08/17  10:27,10,21.7,0.4,0.4,0.4,0.4
 08/17  10:28,10,21.7,0.4,0.4,0.4,0.4
 08/17  10:29,10,21.7,0.4,0.4,0.4,0.4
 08/17  10:30,10,21.7,0.4,0.4,0.4,0.4
 08/17  10:31,10,21.7,0.4,0.4,0.4,0.4
 08/17  10:32,10,21.7,0.4,0.4,0.4,0.4
 08/17  10:33,10,21.7,0.4,0.4,0.4,0.4
 08/17  10:34,10,21.7,0.4,0.4,0.4,0.4
 08/17  10:35,10,21.7,0.4,0.4,0.4,0.4
 08/17  10:36,10,21.7,0.4,0.4,0.4,0.4
 08/17  10:37,10,21.7,0.4,0.4,0.4,0.4
 08/17  10:38,10,21.7,0.4,0.4,0.4,0.4
 08/17  10:39,10,21.7,0.4,0.4,0.4,0.4
 08/17  10:40,10,21.7,0.4,0.4,0.4,0.4
 08/17  10:41,10,21.7,0.4,0.4,0.4,0.4
 08/17  10:42,10,21.7,0.4,0.4,0.4,0.4
 08/17  10:43,10,21.7,0.4,0.4,0.4,0.4
 08/17  10:44,10,21.7,0.4,0.4,0.4,0.4
 08/17  10:45,10,21.7,0.4,0.4,0.4,0.4
 08/17  10:46,10,21.7,0.4,0.4,0.4,0.4
 08/17  10:47,10,21.7,0.4,0.4,0.4,0.4
 08/17  10:48,10,21.7,0.4,0.4,0.4,0.4
 08/17  10:49,10,21.7,0.4,0.4,0.4,0.4
 08/17  10:50,10,21.7,0.4,0.4,0.4,0.4
 08/17  10:51,10,21.7,0.4,0.4,0.4,0.4
 08/17  10:52,10,21.7,0.4,0.4,0.4,0.4
 08/17  10:53,10,21.7,0.4,0.4,0.4,0.4
 08/17  10:54,10,21.7,0.4,0.4,0.4,0.4
 08/17  10:55,10,21.7,0.4,0.4,0.4,0.4
 08/17  10:56,10,21.7,0.4,0.4,0.4,0.4
 08/17  10:57,10,21.7,0.4,0.4,0.4,0.4
 08/17  10:58,10,21.7,0.4,0.4,0.4,0.4
 08/17  10:59,10,21.7,0.4,0.4,0.4,0.4
 08/17  11:00,10,21.7,0.4,0.4,0.4,0.4
 08/17  11:01,10,21.7,0.4,0.4,0.4,0.4
 08/17  11:02,10,21.7,0.4,0.4,0.4,0.4
 08/17  11:03,10,21.7,0.4,0.4,0.4,0.4
 08/17  11:04,10,21.7,0.4,0.4,0.4,0.4
 08/17  11:05,10,21.7,0.4,0.4,0.4,0.4
 08/17  11:06,10,21.7,0.4,0.4,0.4,0.4
 08/17  11:07,10,21.7,0.4,0.4,0.4,0.4
 08/17  11:08,10,21.7,0.4,0.4,0.4,0.4
 08/17  11:09,10,21.7,0.4,0.4,0.4,0.4
 08/17  11:10,10,21.7,0.4,0.4,0.4,0.4
 08/17  11:11,10,21.7,0.4,0.4,0.4,0.4
 08/17  11:12,10,21.7,0.4,0.4,0.4,0.4
 08/17  11:13,10,21.7,0.4,0.4,0.4,0.4
 08/17  11:14,10,21.7,0.4,0.4,0.4,0.4
 08/17  11:15,10,21.7,0.4,0.4,0.4,0.4
 08/17  11:16,10,21.7,0.4,0.4,0.4,0.4
 08/17  11:17,10,21.7,0.4,0.4,0.4,0.4
 08/17  11:18,10,21.7,0.4,0.4,0.4,0.4
 08/17  11:19,10,21.7,0.4,0.4,0.4,0.4
 08/17  11:20,10,21.7,0.4,0.4,0.4,0.4
 08/17  11:21,10,21.7,0.4,0.4,0.4,0.4
 08/17  11:22,10,21.7,0.4,0.4,0.4,0.4
 08/17  11:23,10,21.7,0.4,0.4,0.4,0.4
 08/17  11:24,10,21.7,0.4,0.4,0.4,0.4
 08/17  11:25,10,21.7,0.4,0.4,0.4,0.4
 08/17  11:26,10,21.7,0.4,0.4,0.4,0.4
 08/17  11:27,10,21.7,0.4,0.4,0.4,0.4
 08/17  11:28,10,21.7,0.4,0.4,0.4,0.4
 08/17  11:29,10,21.7,0.4,0.4,0.4,0.4
 08/17  11:30,10,21.7,0.4,0.4,0.4,0.4
 08/17  11:31,10,21.7,0.4,0.4,0.4,0.4
 08/17  11:32,10,21.7,0.4,0.4,0.4,0.4
 08/17  11:33,10,21.7,0.4,0.4,0.4,0.4
 08/17  11:34,10,21.7,0.4,0.4,0.4,0.4
 08/17  11:35,10,21.7,0.4,0.4,0.4,0.4
 08/17  11:36,10,21.7,0.4,0.4,0.4,0.4
 08/17  11:37,10,21.7,0.4,0.4,0.4,0.4
 08/17  11:38,10,21.7,0.4,0.4,0.4,0.4
 08/17  11:39,10,21.7,0.4,0.4,0.4,0.4
 08/17  11:40,10,21.7,0.4,0.4,0.4,0.4
 08/17  11:41,10,21.7,0.4,0.4,0.4,0.4
 08/17  11:42,10,21.7,0.4,0.4,0.4,0.4
 08/17  11:43,10,21.7,0.4,0.4,0.4,0.4
 08/17  11:44,10,21.7,0.4,0.4,0.4,0.4
 08/17  11:45,10,21.7,0.4,0.4,0.4,0.4
 08/17  11:46,10,21.7,0.4,0.4,0.4,0.4
 08/17  11:47,10,21.7,0.4,0.4,0.4,0.4
 08/17  11:48,10,21.7,0.4,0.4,0.4,0.4
 08/17  11:49,10,21.7,0.4,0.4,0.4,0.4
 08/17  11:50,10,21.7,0.4,0.4,0.4,0.4
 08/17  11:51,10,21.7,0.4,0.4,0.4,0.4
 08/17  11:52,10,21.7,0.4,0.4,0.4,0.4
 08/17  11:53,10,21.7,0.4,0.4,0.4,0.4
 08/17  11:54,10,21.7,0.4,0.4,0.4,0.4
 08/17  11:55,10,21.7,0.4,0.4,0.4,0.4
 08/17  11:56,10,21.7,0.4,0.4,0.4,0.4
 08/17  11:57,10,21.7,0.4,0.4,0.4,0.4
 08/17  11:58,10,21.7,0.4,0.4,0.4,0.4
 08/17  11:59,10,21.7,0.4,0.4,0.4,0.4
 08/17  12:00,10,21.7,0.4,0.4,0.4,0.4
 08/17  12:01,10,21.7,0.4,0.4,0.4,0.4
 08/17  12:02,10,21.7,0.4,0.4,0.4,0.4
 08/17  12:03,10,21.7,0.4,0.4,0.4,0.4
 08/17  12:04,10,21.7,0.4,0.4,0.4,0.4
 08/17  12:05,10,21.7,0.4,0.4,0.4,0.4
 08/17  12:06,10,21.7,0.4,0.4,0.4,0.4
 08/17  12:07,10,21.7,0.4,0.4,0.4,0.4
 08/17  12:08,10,21.7,0.4,0.4,0.4,0.4
 08/17  12:09,10,21.7,0.4,0.4,0.4,0.4
 08/17  12:10,10,21.7,0.4,0.4,0.4,0.4
 08/17  12:11,10,21.7,0.4,0.4,0.4,0.4
 08/17  12:12,10,21.7,0.4,0.4,0.4,0.4
 08/17  12:13,10,21.7,0.4,0.4,0.4,0.4
 08/17  12:14,10,21.7,0.4,0.4,0.4,0.4
 08/17  12:15,10,21.7,0.4,0.4,0.4,0.4
 08/17  12:16,10,21.7,0.4,0.4,0.4,0.4
 08/17  12:17,10,21.7,0.4,0.4,0.4,0.4
 08/17  12:18,10,21.7,0.4,0.4,0.4,0.4
 08/17  12:19,10,21.7,0.4,0.4,0.4,0.4
 08/17  12:20,10,21.7,0.4,0.4,0.4,0.4
 08/17  12:21,10,21.7,0.4,0.4,0.4,0.4
 08/17  12:22,10,21.7,0.4,0.4,0.4,0.4
 08/17  12:23,10,21.7,0.4,0.4,0.4,0.4
 08/17  12:24,10,21.7,0.4,0.4,0.4,0.4
 08/17  12:25,10,21.7,0.4,0.4,0.4,0.4
 08/17  12:26,10,21.7,0.4,0.4,0.4,0.4
 08/17  12:27,10,21.7,0.4,0.4,0.4,0.4
 08/17  12:28,10,21.7,0.4,0.4,0.4,0.4
 08/17  12:29,10,21.7,0.4,0.4,0.4,0.4
 08/17  12:30,10,21.7,0.4,0.4,0.4,0.4
 08/17  12:31,10,21.7,0.4,0.4,0.4,0.4
 08/17  12:32,10,21.7,0.4,0.4,0.4,0.4
 08/17  12:33,10,21.7,0.4,0.4,0.4,0.4
 08/17  12:34,10,21.7,0.4,0.4,0.4,0.4
 08/17  12:35,10,21.7,0.4,0.4,0.4,0.4
 08/17  12:36,10,21.7,0.4,0.4,0.4,0.4
 08/17  12:37,10,21.7,0.4,0.4,0.4,0.4
 08/17  12:38,10,21.7,0.4,0.4,0.4,0.4
 08/17  12:39,10,21.7,0.4,0.4,0.4,0.4
 08/17  12:40,10,21.7,0.4,0.4,0.4,0.4
 08/17  12:41,10,21.7,0.4,0.4,0.4,0.4
 08/17  12:42,10,21.7,0.4,0.4,0.4,0.4
 08/17  12:43,10,21.7,0.4,0.4,0.4,0.4
 08/17  12:44,10,21.7,0.4,0.4,0.4,0.4
 08/17  12:45,10,21.7,0.4,0.4,0.4,0.4
 08/17  12:46,10,21.7,0.4,0.4,0.4,0.4
 08/17  12:47,10,21.7,0.4,0.4,0.4,0.4
 08/17  12:48,10,21.7,0.4,0.4,0.4,0.4
 08/17  12:49,10,21.7,0.4,0.4,0.4,0.4
 08/17  12:50,10,21.7,0.4,0.4,0.4,0.4
 08/17  12:51,10,21.7,0.4,0.4,0.4,0.4
 08/17  12:52,10,21.7,0.4,0.4,0.4,0.4
 08/17  12:53,10,21.7,0.4,0.4,0.4,0.4
 08/17  12:54,10,21.7,0.4,0.4,0.4,0.4
 08/17  12:55,10,21.7,0.4,0.4,0.4,0.4
 08/17  12:56,10,21.7,0.4,0.4,0.4,0.4
 08/17  12:57,10,21.7,0.4,0.4,0.4,0.4
 08/17  12:58,10,21.7,0.4,0.4,0.4,0.4
 08/17  12:59,10,21.7,0.4,0.4,0.4,0.4
 08/17  13:00,10,21.7,0.4,0.4,0.4,0.4
 08/17  13:01,10,21.7,0.4,0.4,0.4,0.4
 08/17  13:02,10,21.7,0.4,0.4,0.4,0.4
 08/17  13:03,10,21.7,0.4,0.4,0.4,0.4
 08/17  13:04,10,21.7,0.4,0.4,0.4,0.4
 08/17  13:05,10,21.7,0.4,0.4,0.4,0.4
 08/17  13:06,10,21.7,0.4,0.4,0.4,0.4
 08/17  13:07,10,21.7,0.4,0.4,0.4,0.4
 08/17  13:08,10,21.7,0.4,0.4,0.4,0.4
 08/17  13:09,10,21.7,0.4,0.4,0.4,0.4
 08/17  13:10,10,21.7,0.4,0.4,0.4,0.4
 08/17  13:11,10,21.7,0.4,0.4,0.4,0.4
 08/17  13:12,10,21.7,0.4,0.4,0.4,0.4
 08/17  13:13,10,21.7,0.4,0.4,0.4,0.4
 08/17  13:14,10,21.7,0.4,0.4,0.4,0.4
 08/17  13:15,10,21.7,0.4,0.4,0.4,0.4
 08/17  13:16,10,21.7,0.4,0.4,0.4,0.4
 08/17  13:17,10,21.7,0.4,0.4,0.4,0.4
 08/17  13:18,10,21.7,0.4,0.4,0.4,0.4
 08/17  13:19,10,21.7,0.4,0.4,0.4,0.4
 08/17  13:20,10,21.7,0.4,0.4,0.4,0.4
 08/17  13:21,10,21.7,0.4,0.4,0.4,0.4
 08/17  13:22,10,21.7,0.4,0.4,0.4,0.4
 08/17  13:23,10,21.7,0.4,0.4,0.4,0.4
 08/17  13:24,10,21.7,0.4,0.4,0.4,0.4
 08/17  13:25,10,21.7,0.4,0.4,0.4,0.4
 08/17  13:26,10,21.7,0.4,0.4,0.4,0.4
 08/17  13:27,10,21.7,0.4,0.4,0.4,0.4
 08/17  13:28,10,21.7,0.4,0.4,0.4,0.4
 08/17  13:29,10,21.7,0.4,0.4,0.4,0.4
 08/17  13:30,10,21.7,0.4,0.4,0.4,0.4
 08/17  13:31,10,21.7,0.4,0.4,0.4,0.4
 08/17  13:32,10,21.7,0.4,0.4,0.4,0.4
 08/17  13:33,10,21.7,0.4,0.4,0.4,0.4
 08/17  13:34,10,21.7,0.4,0.4,0.4,0.4
 08/17  13:35,10,21.7,0.4,0.4,0.4,0.4
 08/17  13:36,10,21.7,0.4,0.4,0.4,0.4
 08/17  13:37,10,21.7,0.4,0.4,0.4,0.4
 08/17  13:38,10,21.7,0.4,0.4,0.4,0.4
 08/17  13:39,10,21.7,0.4,0.4,0.4,0.4
 08/17  13:40,10,21.7,0.4,0.4,0.4,0.4
 08/17  13:41,10,21.7,0.4,0.4,0.4,0.4
 08/17  13:42,10,21.7,0.4,0.4,0.4,0.4
 08/17  13:43,10,21.7,0.4,0.4,0.4,0.4
 08/17  13:44,10,21.7,0.4,0.4,0.4,0.4
 08/17  13:45,10,21.7,0.4,0.4,0.4,0.4
 08/17  13:46,10,21.7,0.4,0.4,0.4,0.4
 08/17  13:47,10,21.7,0.4,0.4,0.4,0.4
 08/17  13:48,10,21.7,0.4,0.4,0.4,0.4
 08/17  13:49,10,21.7,0.4,0.4,0.4,0.4
 08/17  13:50,10,21.7,0.4,0.4,0.4,0.4
 08/17  13:51,10,21.7,0.4,0.4,0.4,0.4
 08/17  13:52,10,21.7,0.4,0.4,0.4,0.4
 08/17  13:53,10,21.7,0.4,0.4,0.4,0.4
 08/17  13:54,10,21.7,0.4,0.4,0.4,0.4
 08/17  13:55,10,21.7,0.4,0.4,0.4,0.4
 08/17  13:56,10,21.7,0.4,0.4,0.4,0.4
 08/17  13:57,10,21.7,0.4,0.4,0.4,0.4
 08/17  13:58,10,21.7,0.4,0.4,0.4,0.4
 08/17  13:59,10,21.7,0.4,0.4,0.4,0.4
 08/17  14:00,10,21.7,0.4,0.4,0.4,0.4
 08/17  14:01,10,21.7,0.4,0.4,0.4,0.4
 08/17  14:02,10,21.7,0.4,0.4,0.4,0.4
 08/17  14:03,10,21.7,0.4,0.4,0.4,0.4
 08/17  14:04,10,21.7,0.4,0.4,0.4,0.4
 08/17  14:05,10,21.7,0.4,0.4,0.4,0.4
 08/17  14:06,10,21.7,0.4,0.4,0.4,0.4
 08/17  14:07,10,21.7,0.4,0.4,0.4,0.4
 08/17  14:08,10,21.7,0.4,0.4,0.4,0.4
 08/17  14:09,10,21.7,0.4,0.4,0.4,0.4
 08/17  14:10,10,21.7,0.4,0.4,0.4,0.4
 08/17  14:11,10,21.7,0.4,0.4,0.4,0.4
 08/17  14:12,10,21.7,0.4,0.4,0.4,0.4
 08/17  14:13,10,21.7,0.4,0.4,0.4,0.4
 08/17  14:14,10,21.7,0.4,0.4,0.4,0.4
 08/17  14:15,10,21.7,0.4,0.4,0.4,0.4
 08/17  14:16,10,21.7,0.4,0.4,0.4,0.4
 08/17  14:17,10,21.7,0.4,0.4,0.4,0.4
 08/17  14:18,10,21.7,0.4,0.4,0.4,0.4
 08/17  14:19,10,21.7,0.4,0.4,0.4,0.4
 08/17  14:20,10,21.7,0.4,0.4,0.4,0.4
 08/17  14:21,10,21.7,0.4,0.4,0.4,0.4
 08/17  14:22,10,21.7,0.4,0.4,0.4,0.4
 08/17  14:23,10,21.7,0.4,0.4,0.4,0.4
 08/17  14:24,10,21.7,0.4,0.4,0.4,0.4
 08/17  14:25,10,21.7,0.4,0.4,0.4,0.4
 08/17  14:26,10,21.7,0.4,0.4,0.4,0.4
 08/17  14:27,10,21.7,0.4,0.4,0.4,0.4
 08/17  14:28,10,21.7,0.4,0.4,0.4,0.4
 08/17  14:29,10,21.7,0.4,0.4,0.4,0.4
 08/17  14:30,10,21.7,0.4,0.4,0.4,0.4
 08/17  14:31,10,21.7,0.4,0.4,0.4,0.4
 08/17  14:32,10,21.7,0.4,0.4,0.4,0.4
 08/17  14:33,10,21.7,0.4,0.4,0.4,0.4
 08/17  14:34,10,21.7,0.4,0.4,0.4,0.4
 08/17  14:35,10,21.7,0.4,0.4,0.4,0.4
 08/17  14:36,10,21.7,0.4,0.4,0.4,0.4
 08/17  14:37,10,21.7,0.4,0.4,0.4,0.4
 08/17  14:38,10,21.7,0.4,0.4,0.4,0.4
 08/17  14:39,10,21.7,0.4,0.4,0.4,0.4
 08/17  14:40,10,21.7,0.4,0.4,0.4,0.4
 08/17  14:41,10,21.7,0.4,0.4,0.4,0.4
 08/17  14:42,10,21.7,0.4,0.4,0.4,0.4
 08/17  14:43,10,21.7,0.4,0.4,0.4,0.4
 08/17  14:44,10,21.7,0.4,0.4,0.4,0.4
 08/17  14:45,10,21.7,0.4,0.4,0.4,0.4
 08/17  14:46,10,21.7,0.4,0.4,0.4,0.4
 08/17  14:47,10,21.7,0.4,0.4,0.4,0.4
 08/17  14:48,10,21.7,0.4,0.4,0.4,0.4
 08/17  14:49,10,21.7,0.4,0.4,0.4,0.4
 08/17  14:50,10,21.7,0.4,0.4,0.4,0.4
 08/17  14:51,10,21.7,0.4,0.4,0.4,0.4
 08/17  14:52,10,21.7,0.4,0.4,0.4,0.4
 08/17  14:53,10,21.7,0.4,0.4,0.4,0.4
 08/17  14:54,10,21.7,0.4,0.4,0.4,0.4
 08/17  14:55,10,21.7,0.4,0.4,0.4,0.4
 08/17  14:56,10,21.7,0.4,0.4,0.4,0.4
 08/17  14:57,10,21.7,0.4,0.4,0.4,0.4
 08/17  14:58,10,21.7,0.4,0.4,0.4,0.4
 08/17  14:59,10,21.7,0.4,0.4,0.4,0.4
 08/17  15:00,10,26.1,0.3,1,0.3,1
 08/17  15:01,10,26.1,0.3,1,0.3,1
 08/17  15:02,10,26.1,0.3,1,0.3,1
 08/17  15:03,10,26.1,0.3,1,0.3,1
 08/17  15:04,10,26.1,0.3,1,0.3,1
 08/17  15:05,10,26.1,0.3,1,0.3,1
 08/17  15:06,10,26.1,0.3,1,0.3,1
 08/17  15:07,10,26.1,0.3,1,0.3,1
 08/17  15:08,10,26.1,0.3,1,0.3,1
 08/17  15:09,10,26.1,0.3,1,0.3,1
 08/17  15:10,10,26.1,0.3,1,0.3,1
 08/17  15:11,10,26.1,0.3,1,0.3,1
 08/17  15:12,10,26.1,0.3,1,0.3,1
 08/17  15:13,10,26.1,0.3,1,0.3,1
 08/17  15:14,10,26.1,0.3,1,0.3,1
 08/17  15:15,10,26.1,0.3,1,0.3,1
 08/17  15:16,10,26.1,0.3,1,0.3,1
 08/17  15:17,10,26.1,0.3,1,0.3,1
 08/17  15:18,10,26.1,0.3,1,0.3,1
 08/17  15:19,10,26.1,0.3,1,0.3,1
 08/17  15:20,10,26.1,0.3,1,0.3,1
 08/17  15:21,10,26.1,0.3,1,0.3,1
 08/17  15:22,10,26.1,0.3,1,0.3,1
 08/17  15:23,10,26.1,0.3,1,0.3,1
 08/17  15:24,10,26.1,0.3,1,0.3,1
 08/17  15:25,10,26.1,0.3,1,0.3,1
 08/17  15:26,10,26.1,0.3,1,0.3,1
 08/17  15:27,10,26.1,0.3,1,0.3,1
 08/17  15:28,10,26.1,0.3,1,0.3,1
 08/17  15:29,10,26.1,0.3,1,0.3,1
 08/17  15:30,10,26.1,0.3,1,0.3,1
 08/17  15:31,10,26.1,0.3,1,0.3,1
 08/17  15:32,10,26.1,0.3,1,0.3,1
 08/17  15:33,10,26.1,0.3,1,0.3,1
 08/17  15:34,10,26.1,0.3,1,0.3,1
 08/17  15:35,10,26.1,0.3,1,0.3,1
 08/17  15:36,10,26.1,0.3,1,0.3,1
 08/17  15:37,10,26.1,0.3,1,0.3,1
 08/17  15:38,10,26.1,0.3,1,0.3,1
 08/17  15:39,10,26.1,0.3,1,0.3,1
 08/17  15:40,10,26.1,0.3,1,0.3,1
 08/17  15:41,10,26.1,0.3,1,0.3,1
 08/17  15:42,10,26.1,0.3,1,0.3,1
 08/17  15:43,10,26.1,0.3,1,0.3,1
 08/17  15:44,10,26.1,0.3,1,0.3,1
 08/17  15:45,10,26.1,0.3,1,0.3,1
 08/17  15:46,10,26.1,0.3,1,0.3,1
 08/17  15:47,10,26.1,0.3,1,0.3,1
 08/17  15:48,10,26.1,0.3,1,0.3,1
 08/17  15:49,10,26.1,0.3,1,0.3,1
 08/17  15:50,10,26.1,0.3,1,0.3,1
 08/17  15:51,10,26.1,0.3,1,0.3,1
 08/17  15:52,10,26.1,0.3,1,0.3,1
 08/17  15:53,10,26.1,0.3,1,0.3,1
 08/17  15:54,10,26.1,0.3,1,0.3,1
 08/17  15:55,10,26.1,0.3,1,0.3,1
 08/17  15:56,10,26.1,0.3,1,0.3,1
 08/17  15:57,10,26.1,0.3,1,0.3,1
 08/17  15:58,10,26.1,0.3,1,0.3,1
 08/17  15:59,10,26.1,0.3,1,0.3,1
 08/17  16:00,10,26.1,0.3,1,0.3,1
 08/17  16:01,10,26.1,0.3,1,0.3,1
 08/17  16:02,10,26.1,0.3,1,0.3,1
 08/17  16:03,10,26.1,0.3,1,0.3,1
 08/17  16:04,10,26.1,0.3,1,0.3,1
 08/17  16:05,10,26.1,0.3,1,0.3,1
 08/17  16:06,10,26.1,0.3,1,0.3,1
 08/17  16:07,10,26.1,0.3,1,0.3,1
 08/17  16:08,10,26.1,0.3,1,0.3,1
 08/17  16:09,10,26.1,0.3,1,0.3,1
 08/17  16:10,10,26.1,0.3,1,0.3,1
 08/17  16:11,10,26.1,0.3,1,0.3,1
 08/17  16:12,10,26.1,0.3,1,0.3,1
 08/17  16:13,10,26.1,0.3,1,0.3,1
 08/17  16:14,10,26.1,0.3,1,0.3,1
 08/17  16:15,10,26.1,0.3,1,0.3,1
 08/17  16:16,10,26.1,0.3,1,0.3,1
 08/17  16:17,10,26.1,0.3,1,0.3,1
 08/17  16:18,10,26.1,0.3,1,0.3,1
 08/17  16:19,10,26.1,0.3,1,0.3,1
 08/17  16:20,10,26.1,0.3,1,0.3,1
 08/17  16:21,10,26.1,0.3,1,0.3,1
 08/17  16:22,10,26.1,0.3,1,0.3,1
 08/17  16:23,10,26.1,0.3,1,0.3,1
 08/17  16:24,10,26.1,0.3,1,0.3,1
 08/17  16:25,10,26.1,0.3,1,0.3,1
 08/17  16:26,10,26.1,0.3,1,0.3,1
 08/17  16:27,10,26.1,0.3,1,0.3,1
 08/17  16:28,10,26.1,0.3,1,0.3,1
 08/17  16:29,10,26.1,0.3,1,0.3,1
 08/17  16:30,10,26.1,0.3,1,0.3,1
 08/17  16:31,10,26.1,0.3,1,0.3,1
 08/17  16:32,10,26.1,0.3,1,0.3,1
 08/17  16:33,10,26.1,0.3,1,0.3,1
 08/17  16:34,10,26.1,0.3,1,0.3,1
 08/17  16:35,10,26.1,0.3,1,0.3,1
 08/17  16:36,10,26.1,0.3,1,0.3,1
 08/17  16:37,10,26.1,0.3,1,0.3,1
 08/17  16:38,10,26.1,0.3,1,0.3,1
 08/17  16:39,10,26.1,0.3,1,0.3,1
 08/17  16:40,10,26.1,0.3,1,0.3,1
 08/17  16:41,10,26.1,0.3,1,0.3,1
 08/17  16:42,10,26.1,0.3,1,0.3,1
 08/17  16:43,10,26.1,0.3,1,0.3,1
 08/17  16:44,10,26.1,0.3,1,0.3,1
 08/17  16:45,10,26.1,0.3,1,0.3,1
 08/17  16:46,10,26.1,0.3,1,0.3,1
 08/17  16:47,10,26.1,0.3,1,0.3,1
 08/17  16:48,10,26.1,0.3,1,0.3,1
 08/17  16:49,10,26.1,0.3,1,0.3,1
 08/17  16:50,10,26.1,0.3,1,0.3,1
 08/17  16:51,10,26.1,0.3,1,0.3,1
 08/17  16:52,10,26.1,0.3,1,0.3,1
 08/17  16:53,10,26.1,0.3,1,0.3,1
 08/17  16:54,10,26.1,0.3,1,0.3,1
 08/17  16:55,10,26.1,0.3,1,0.3,1
 08/17  16:56,10,26.1,0.3,1,0.3,1
 08/17  16:57,10,26.1,0.3,1,0.3,1
 08/17  16:58,10,26.1,0.3,1,0.3,1
 08/17  16:59,10,26.1,0.3,1,0.3,1
 08/17  17:00,10,26.1,0.3,1,0.3,1
 08/17  17:01,10,26.1,0.3,1,0.3,1
 08/17  17:02,10,26.1,0.3,1,0.3,1
 08/17  17:03,10,26.1,0.3,1,0.3,1
 08/17  17:04,10,26.1,0.3,1,0.3,1
 08/17  17:05,10,26.1,0.3,1,0.3,1
 08/17  17:06,10,26.1,0.3,1,0.3,1
 08/17  17:07,10,26.1,0.3,1,0.3,1
 08/17  17:08,10,26.1,0.3,1,0.3,1
 08/17  17:09,10,26.1,0.3,1,0.3,1
 08/17  17:10,10,26.1,0.3,1,0.3,1
 08/17  17:11,10,26.1,0.3,1,0.3,1
 08/17  17:12,10,26.1,0.3,1,0.3,1
 08/17  17:13,10,26.1,0.3,1,0.3,1
 08/17  17:14,10,26.1,0.3,1,0.3,1
 08/17  17:15,10,26.1,0.3,1,0.3,1
 08/17  17:16,10,26.1,0.3,1,0.3,1
 08/17  17:17,10,26.1,0.3,1,0.3,1
 08/17  17:18,10,26.1,0.3,1,0.3,1
 08/17  17:19,10,26.1,0.3,1,0.3,1
 08/17  17:20,10,26.1,0.3,1,0.3,1
 08/17  17:21,10,26.1,0.3,1,0.3,1
 08/17  17:22,10,26.1,0.3,1,0.3,1
 08/17  17:23,10,26.1,0.3,1,0.3,1
 08/17  17:24,10,26.1,0.3,1,0.3,1
 08/17  17:25,10,26.1,0.3,1,0.3,1
 08/17  17:26,10,26.1,0.3,1,0.3,1
 08/17  17:27,10,26.1,0.3,1,0.3,1
 08/17  17:28,10,26.1,0.3,1,0.3,1
 08/17  17:29,10,26.1,0.3,1,0.3,1
 08/17  17:30,10,26.1,0.3,1,0.3,1
 08/17  17:31,10,26.1,0.3,1,0.3,1
 08/17  17:32,10,26.1,0.3,1,0.3,1
 08/17  17:33,10,26.1,0.3,1,0.3,1
 08/17  17:34,10,26.1,0.3,1,0.3,1
 08/17  17:35,10,26.1,0.3,1,0.3,1
 08/17  17:36,10,26.1,0.3,1,0.3,1
 08/17  17:37,10,26.1,0.3,1,0.3,1
 08/17  17:38,10,26.1,0.3,1,0.3,1
 08/17  17:39,10,26.1,0.3,1,0.3,1
 08/17  17:40,10,26.1,0.3,1,0.3,1
 08/17  17:41,10,26.1,0.3,1,0.3,1
 08/17  17:42,10,26.1,0.3,1,0.3,1
 08/17  17:43,10,26.1,0.3,1,0.3,1
 08/17  17:44,10,26.1,0.3,1,0.3,1
 08/17  17:45,10,26.1,0.3,1,0.3,1
 08/17  17:46,10,26.1,0.3,1,0.3,1
 08/17  17:47,10,26.1,0.3,1,0.3,1
 08/17  17:48,10,26.1,0.3,1,0.3,1
 08/17  17:49,10,26.1,0.3,1,0.3,1
 08/17  17:50,10,26.1,0.3,1,0.3,1
 08/17  17:51,10,26.1,0.3,1,0.3,1
 08/17  17:52,10,26.1,0.3,1,0.3,1
 08/17  17:53,10,26.1,0.3,1,0.3,1
 08/17  17:54,10,26.1,0.3,1,0.3,1
 08/17  17:55,10,26.1,0.3,1,0.3,1
 08/17  17:56,10,26.1,0.3,1,0.3,1
 08/17  17:57,10,26.1,0.3,1,0.3,1
 08/17  17:58,10,26.1,0.3,1,0.3,1
 08/17  17:59,10,26.1,0.3,1,0.3,1
 08/17  18:00,10,26.1,0.3,1,0.3,1
 08/17  18:01,10,26.1,0.3,1,0.3,1
 08/17  18:02,10,26.1,0.3,1,0.3,1
 08/17  18:03,10,26.1,0.3,1,0.3,1
 08/17  18:04,10,26.1,0.3,1,0.3,1
 08/17  18:05,10,26.1,0.3,1,0.3,1
 08/17  18:06,10,26.1,0.3,1,0.3,1
 08/17  18:07,10,26.1,0.3,1,0.3,1
 08/17  18:08,10,26.1,0.3,1,0.3,1
 08/17  18:09,10,26.1,0.3,1,0.3,1
 08/17  18:10,10,26.1,0.3,1,0.3,1
 08/17  18:11,10,26.1,0.3,1,0.3,1
 08/17  18:12,10,26.1,0.3,1,0.3,1
 08/17  18:13,10,26.1,0.3,1,0.3,1
 08/17  18:14,10,26.1,0.3,1,0.3,1
 08/17  18:15,10,26.1,0.3,1,0.3,1
 08/17  18:16,10,26.1,0.3,1,0.3,1
 08/17  18:17,10,26.1,0.3,1,0.3,1
 08/17  18:18,10,26.1,0.3,1,0.3,1
 08/17  18:19,10,26.1,0.3,1,0.3,1
 08/17  18:20,10,26.1,0.3,1,0.3,1
 08/17  18:21,10,26.1,0.3,1,0.3,1
 08/17  18:22,10,26.1,0.3,1,0.3,1
 08/17  18:23,10,26.1,0.3,1,0.3,1
 08/17  18:24,10,26.1,0.3,1,0.3,1
 08/17  18:25,10,26.1,0.3,1,0.3,1
 08/17  18:26,10,26.1,0.3,1,0.3,1
 08/17  18:27,10,26.1,0.3,1,0.3,1
 08/17  18:28,10,26.1,0.3,1,0.3,1
 08/17  18:29,10,26.1,0.3,1,0.3,1
 08/17  18:30,10,26.1,0.3,1,0.3,1
 08/17  18:31,10,26.1,0.3,1,0.3,1
 08/17  18:32,10,26.1,0.3,1,0.3,1
 08/17  18:33,10,26.1,0.3,1,0.3,1
 08/17  18:34,10,26.1,0.3,1,0.3,1
 08/17  18:35,10,26.1,0.3,1,0.3,1
 08/17  18:36,10,26.1,0.3,1,0.3,1
 08/17  18:37,10,26.1,0.3,1,0.3,1
 08/17  18:38,10,26.1,0.3,1,0.3,1
 08/17  18:39,10,26.1,0.3,1,0.3,1
 08/17  18:40,10,26.1,0.3,1,0.3,1
 08/17  18:41,10,26.1,0.3,1,0.3,1
 08/17  18:42,10,26.1,0.3,1,0.3,1
 08/17  18:43,10,26.1,0.3,1,0.3,1
 08/17  18:44,10,26.1,0.3,1,0.3,1
 08/17  18:45,10,26.1,0.3,1,0.3,1
 08/17  18:46,10,26.1,0.3,1,0.3,1
 08/17  18:47,10,26.1,0.3,1,0.3,1
 08/17  18:48,10,26.1,0.3,1,0.3,1
 08/17  18:49,10,26.1,0.3,1,0.3,1
 08/17  18:50,10,26.1,0.3,1,0.3,1
 08/17  18:51,10,26.1,0.3,1,0.3,1
 08/17  18:52,10,26.1,0.3,1,0.3,1
 08/17  18:53,10,26.1,0.3,1,0.3,1
 08/17  18:54,10,26.1,0.3,1,0.3,1
 08/17  18:55,10,26.1,0.3,1,0.3,1
 08/17  18:56,10,26.1,0.3,1,0.3,1
 08/17  18:57,10,26.1,0.3,1,0.3,1
 08/17  18:58,10,26.1,0.3,1,0.3,1
 08/17  18:59,10,26.1,0.3,1,0.3,1
 08/17  19:00,10,24.4,0.4,0.7,0.4,0.7
 08/17  19:01,10,24.4,0.4,0.7,0.4,0.7
 08/17  19:02,10,24.4,0.4,0.7,0.4,0.7
 08/17  19:03,10,24.4,0.4,0.7,0.4,0.7
 08/17  19:04,10,24.4,0.4,0.7,0.4,0.7
 08/17  19:05,10,24.4,0.4,0.7,0.4,0.7
 08/17  19:06,10,24.4,0.4,0.7,0.4,0.7
 08/17  19:07,10,24.4,0.4,0.7,0.4,0.7
 08/17  19:08,10,24.4,0.4,0.7,0.4,0.7
 08/17  19:09,10,24.4,0.4,0.7,0.4,0.7
 08/17  19:10,10,24.4,0.4,0.7,0.4,0.7
 08/17  19:11,10,24.4,0.4,0.7,0.4,0.7
 08/17  19:12,10,24.4,0.4,0.7,0.4,0.7
 08/17  19:13,10,24.4,0.4,0.7,0.4,0.7
 08/17  19:14,10,24.4,0.4,0.7,0.4,0.7
 08/17  19:15,10,24.4,0.4,0.7,0.4,0.7
 08/17  19:16,10,24.4,0.4,0.7,0.4,0.7
 08/17  19:17,10,24.4,0.4,0.7,0.4,0.7
 08/17  19:18,10,24.4,0.4,0.7,0.4,0.7
 08/17  19:19,10,24.4,0.4,0.7,0.4,0.7
 08/17  19:20,10,24.4,0.4,0.7,0.4,0.7
 08/17  19:21,10,24.4,0.4,0.7,0.4,0.7
 08/17  19:22,10,24.4,0.4,0.7,0.4,0.7
 08/17  19:23,10,24.4,0.4,0.7,0.4,0.7
 08/17  19:24,10,24.4,0.4,0.7,0.4,0.7
 08/17  19:25,10,24.4,0.4,0.7,0.4,0.7
 08/17  19:26,10,24.4,0.4,0.7,0.4,0.7
 08/17  19:27,10,24.4,0.4,0.7,0.4,0.7
 08/17  19:28,10,24.4,0.4,0.7,0.4,0.7
 08/17  19:29,10,24.4,0.4,0.7,0.4,0.7
 08/17  19:30,10,24.4,0.4,0.7,0.4,0.7
 08/17  19:31,10,24.4,0.4,0.7,0.4,0.7
 08/17  19:32,10,24.4,0.4,0.7,0.4,0.7
 08/17  19:33,10,24.4,0.4,0.7,0.4,0.7
 08/17  19:34,10,24.4,0.4,0.7,0.4,0.7
 08/17  19:35,10,24.4,0.4,0.7,0.4,0.7
 08/17  19:36,10,24.4,0.4,0.7,0.4,0.7
 08/17  19:37,10,24.4,0.4,0.7,0.4,0.7
 08/17  19:38,10,24.4,0.4,0.7,0.4,0.7
 08/17  19:39,10,24.4,0.4,0.7,0.4,0.7
 08/17  19:40,10,24.4,0.4,0.7,0.4,0.7
 08/17  19:41,10,24.4,0.4,0.7,0.4,0.7
 08/17  19:42,10,24.4,0.4,0.7,0.4,0.7
 08/17  19:43,10,24.4,0.4,0.7,0.4,0.7
 08/17  19:44,10,24.4,0.4,0.7,0.4,0.7
 08/17  19:45,10,24.4,0.4,0.7,0.4,0.7
 08/17  19:46,10,24.4,0.4,0.7,0.4,0.7
 08/17  19:47,10,24.4,0.4,0.7,0.4,0.7
 08/17  19:48,10,24.4,0.4,0.7,0.4,0.7
 08/17  19:49,10,24.4,0.4,0.7,0.4,0.7
 08/17  19:50,10,24.4,0.4,0.7,0.4,0.7
 08/17  19:51,10,24.4,0.4,0.7,0.4,0.7
 08/17  19:52,10,24.4,0.4,0.7,0.4,0.7
 08/17  19:53,10,24.4,0.4,0.7,0.4,0.7
 08/17  19:54,10,24.4,0.4,0.7,0.4,0.7
 08/17  19:55,10,24.4,0.4,0.7,0.4,0.7
 08/17  19:56,10,24.4,0.4,0.7,0.4,0.7
 08/17  19:57,10,24.4,0.4,0.7,0.4,0.7
 08/17  19:58,10,24.4,0.4,0.7,0.4,0.7
 08/17  19:59,10,24.4,0.4,0.7,0.4,0.7
 08/17  20:00,10,24.4,0.4,0.7,0.4,0.7
 08/17  20:01,10,24.4,0.4,0.7,0.4,0.7
 08/17  20:02,10,24.4,0.4,0.7,0.4,0.7
 08/17  20:03,10,24.4,0.4,0.7,0.4,0.7
 08/17  20:04,10,24.4,0.4,0.7,0.4,0.7
 08/17  20:05,10,24.4,0.4,0.7,0.4,0.7
 08/17  20:06,10,24.4,0.4,0.7,0.4,0.7
 08/17  20:07,10,24.4,0.4,0.7,0.4,0.7
 08/17  20:08,10,24.4,0.4,0.7,0.4,0.7
 08/17  20:09,10,24.4,0.4,0.7,0.4,0.7
 08/17  20:10,10,24.4,0.4,0.7,0.4,0.7
 08/17  20:11,10,24.4,0.4,0.7,0.4,0.7
 08/17  20:12,10,24.4,0.4,0.7,0.4,0.7
 08/17  20:13,10,24.4,0.4,0.7,0.4,0.7
 08/17  20:14,10,24.4,0.4,0.7,0.4,0.7
 08/17  20:15,10,24.4,0.4,0.7,0.4,0.7
 08/17  20:16,10,24.4,0.4,0.7,0.4,0.7
 08/17  20:17,10,24.4,0.4,0.7,0.4,0.7
 08/17  20:18,10,24.4,0.4,0.7,0.4,0.7
 08/17  20:19,10,24.4,0.4,0.7,0.4,0.7
 08/17  20:20,10,24.4,0.4,0.7,0.4,0.7
 08/17  20:21,10,24.4,0.4,0.7,0.4,0.7
 08/17  20:22,10,24.4,0.4,0.7,0.4,0.7
 08/17  20:23,10,24.4,0.4,0.7,0.4,0.7
 08/17  20:24,10,24.4,0.4,0.7,0.4,0.7
 08/17  20:25,10,24.4,0.4,0.7,0.4,0.7
 08/17  20:26,10,24.4,0.4,0.7,0.4,0.7
 08/17  20:27,10,24.4,0.4,0.7,0.4,0.7
 08/17  20:28,10,24.4,0.4,0.7,0.4,0.7
 08/17  20:29,10,24.4,0.4,0.7,0.4,0.7
 08/17  20:30,10,24.4,0.4,0.7,0.4,0.7
 08/17  20:31,10,24.4,0.4,0.7,0.4,0.7
 08/17  20:32,10,24.4,0.4,0.7,0.4,0.7
 08/17  20:33,10,24.4,0.4,0.7,0.4,0.7
 08/17  20:34,10,24.4,0.4,0.7,0.4,0.7
 08/17  20:35,10,24.4,0.4,0.7,0.4,0.7
 08/17  20:36,10,24.4,0.4,0.7,0.4,0.7
 08/17  20:37,10,24.4,0.4,0.7,0.4,0.7
 08/17  20:38,10,24.4,0.4,0.7,0.4,0.7
 08/17  20:39,10,24.4,0.4,0.7,0.4,0.7
 08/17  20:40,10,24.4,0.4,0.7,0.4,0.7
 08/17  20:41,10,24.4,0.4,0.7,0.4,0.7
 08/17  20:42,10,24.4,0.4,0.7,0.4,0.7
 08/17  20:43,10,24.4,0.4,0.7,0.4,0.7
 08/17  20:44,10,24.4,0.4,0.7,0.4,0.7
 08/17  20:45,10,24.4,0.4,0.7,0.4,0.7
 08/17  20:46,10,24.4,0.4,0.7,0.4,0.7
 08/17  20:47,10,24.4,0.4,0.7,0.4,0.7
 08/17  20:48,10,24.4,0.4,0.7,0.4,0.7
 08/17  20:49,10,24.4,0.4,0.7,0.4,0.7
 08/17  20:50,10,24.4,0.4,0.7,0.4,0.7
 08/17  20:51,10,24.4,0.4,0.7,0.4,0.7
 08/17  20:52,10,24.4,0.4,0.7,0.4,0.7
 08/17  20:53,10,24.4,0.4,0.7,0.4,0.7
 08/17  20:54,10,24.4,0.4,0.7,0.4,0.7
 08/17  20:55,10,24.4,0.4,0.7,0.4,0.7
 08/17  20:56,10,24.4,0.4,0.7,0.4,0.7
 08/17  20:57,10,24.4,0.4,0.7,0.4,0.7
 08/17  20:58,10,24.4,0.4,0.7,0.4,0.7
 08/17  20:59,10,24.4,0.4,0.7,0.4,0.7
 08/17  21:00,10,24.4,0.4,0.7,0.4,0.7
 08/17  21:01,10,24.4,0.4,0.7,0.4,0.7
 08/17  21:02,10,24.4,0.4,0.7,0.4,0.7
 08/17  21:03,10,24.4,0.4,0.7,0.4,0.7
 08/17  21:04,10,24.4,0.4,0.7,0.4,0.7
 08/17  21:05,10,24.4,0.4,0.7,0.4,0.7
 08/17  21:06,10,24.4,0.4,0.7,0.4,0.7
 08/17  21:07,10,24.4,0.4,0.7,0.4,0.7
 08/17  21:08,10,24.4,0.4,0.7,0.4,0.7
 08/17  21:09,10,24.4,0.4,0.7,0.4,0.7
 08/17  21:10,10,24.4,0.4,0.7,0.4,0.7
 08/17  21:11,10,24.4,0.4,0.7,0.4,0.7
 08/17  21:12,10,24.4,0.4,0.7,0.4,0.7
 08/17  21:13,10,24.4,0.4,0.7,0.4,0.7
 08/17  21:14,10,24.4,0.4,0.7,0.4,0.7
 08/17  21:15,10,24.4,0.4,0.7,0.4,0.7
 08/17  21:16,10,24.4,0.4,0.7,0.4,0.7
 08/17  21:17,10,24.4,0.4,0.7,0.4,0.7
 08/17  21:18,10,24.4,0.4,0.7,0.4,0.7
 08/17  21:19,10,24.4,0.4,0.7,0.4,0.7
 08/17  21:20,10,24.4,0.4,0.7,0.4,0.7
 08/17  21:21,10,24.4,0.4,0.7,0.4,0.7
 08/17  21:22,10,24.4,0.4,0.7,0.4,0.7
 08/17  21:23,10,24.4,0.4,0.7,0.4,0.7
 08/17  21:24,10,24.4,0.4,0.7,0.4,0.7
 08/17  21:25,10,24.4,0.4,0.7,0.4,0.7
 08/17  21:26,10,24.4,0.4,0.7,0.4,0.7
 08/17  21:27,10,24.4,0.4,0.7,0.4,0.7
 08/17  21:28,10,24.4,0.4,0.7,0.4,0.7
 08/17  21:29,10,24.4,0.4,0.7,0.4,0.7
 08/17  21:30,10,24.4,0.4,0.7,0.4,0.7
 08/17  21:31,10,24.4,0.4,0.7,0.4,0.7
 08/17  21:32,10,24.4,0.4,0.7,0.4,0.7
 08/17  21:33,10,24.4,0.4,0.7,0.4,0.7
 08/17  21:34,10,24.4,0.4,0.7,0.4,0.7
 08/17  21:35,10,24.4,0.4,0.7,0.4,0.7
 08/17  21:36,10,24.4,0.4,0.7,0.4,0.7
 08/17  21:37,10,24.4,0.4,0.7,0.4,0.7
 08/17  21:38,10,24.4,0.4,0.7,0.4,0.7
 08/17  21:39,10,24.4,0.4,0.7,0.4,0.7
 08/17  21:40,10,24.4,0.4,0.7,0.4,0.7
 08/17  21:41,10,24.4,0.4,0.7,0.4,0.7
 08/17  21:42,10,24.4,0.4,0.7,0.4,0.7
 08/17  21:43,10,24.4,0.4,0.7,0.4,0.7
 08/17  21:44,10,24.4,0.4,0.7,0.4,0.7
 08/17  21:45,10,24.4,0.4,0.7,0.4,0.7
 08/17  21:46,10,24.4,0.4,0.7,0.4,0.7
 08/17  21:47,10,24.4,0.4,0.7,0.4,0.7
 08/17  21:48,10,24.4,0.4,0.7,0.4,0.7
 08/17  21:49,10,24.4,0.4,0.7,0.4,0.7
 08/17  21:50,10,24.4,0.4,0.7,0.4,0.7
 08/17  21:51,10,24.4,0.4,0.7,0.4,0.7
 08/17  21:52,10,24.4,0.4,0.7,0.4,0.7
 08/17  21:53,10,24.4,0.4,0.7,0.4,0.7
 08/17  21:54,10,24.4,0.4,0.7,0.4,0.7
 08/17  21:55,10,24.4,0.4,0.7,0.4,0.7
 08/17  21:56,10,24.4,0.4,0.7,0.4,0.7
 08/17  21:57,10,24.4,0.4,0.7,0.4,0.7
 08/17  21:58,10,24.4,0.4,0.7,0.4,0.7
 08/17  21:59,10,24.4,0.4,0.7,0.4,0.7
 08/17  22:00,10,24.4,0.4,0.7,0.4,0.7
 08/17  22:01,10,24.4,0.4,0.7,0.4,0.7
 08/17  22:02,10,24.4,0.4,0.7,0.4,0.7
 08/17  22:03,10,24.4,0.4,0.7,0.4,0.7
 08/17  22:04,10,24.4,0.4,0.7,0.4,0.7
 08/17  22:05,10,24.4,0.4,0.7,0.4,0.7
 08/17  22:06,10,24.4,0.4,0.7,0.4,0.7
 08/17  22:07,10,24.4,0.4,0.7,0.4,0.7
 08/17  22:08,10,24.4,0.4,0.7,0.4,0.7
 08/17  22:09,10,24.4,0.4,0.7,0.4,0.7
 08/17  22:10,10,24.4,0.4,0.7,0.4,0.7
 08/17  22:11,10,24.4,0.4,0.7,0.4,0.7
 08/17  22:12,10,24.4,0.4,0.7,0.4,0.7
 08/17  22:13,10,24.4,0.4,0.7,0.4,0.7
 08/17  22:14,10,24.4,0.4,0.7,0.4,0.7
 08/17  22:15,10,24.4,0.4,0.7,0.4,0.7
 08/17  22:16,10,24.4,0.4,0.7,0.4,0.7
 08/17  22:17,10,24.4,0.4,0.7,0.4,0.7
 08/17  22:18,10,24.4,0.4,0.7,0.4,0.7
 08/17  22:19,10,24.4,0.4,0.7,0.4,0.7
 08/17  22:20,10,24.4,0.4,0.7,0.4,0.7
 08/17  22:21,10,24.4,0.4,0.7,0.4,0.7
 08/17  22:22,10,24.4,0.4,0.7,0.4,0.7
 08/17  22:23,10,24.4,0.4,0.7,0.4,0.7
 08/17  22:24,10,24.4,0.4,0.7,0.4,0.7
 08/17  22:25,10,24.4,0.4,0.7,0.4,0.7
 08/17  22:26,10,24.4,0.4,0.7,0.4,0.7
 08/17  22:27,10,24.4,0.4,0.7,0.4,0.7
 08/17  22:28,10,24.4,0.4,0.7,0.4,0.7
 08/17  22:29,10,24.4,0.4,0.7,0.4,0.7
 08/17  22:30,10,24.4,0.4,0.7,0.4,0.7
 08/17  22:31,10,24.4,0.4,0.7,0.4,0.7
 08/17  22:32,10,24.4,0.4,0.7,0.4,0.7
 08/17  22:33,10,24.4,0.4,0.7,0.4,0.7
 08/17  22:34,10,24.4,0.4,0.7,0.4,0.7
 08/17  22:35,10,24.4,0.4,0.7,0.4,0.7
 08/17  22:36,10,24.4,0.4,0.7,0.4,0.7
 08/17  22:37,10,24.4,0.4,0.7,0.4,0.7
 08/17  22:38,10,24.4,0.4,0.7,0.4,0.7
 08/17  22:39,10,24.4,0.4,0.7,0.4,0.7
 08/17  22:40,10,24.4,0.4,0.7,0.4,0.7
 08/17  22:41,10,24.4,0.4,0.7,0.4,0.7
 08/17  22:42,10,24.4,0.4,0.7,0.4,0.7
 08/17  22:43,10,24.4,0.4,0.7,0.4,0.7
 08/17  22:44,10,24.4,0.4,0.7,0.4,0.7
 08/17  22:45,10,24.4,0.4,0.7,0.4,0.7
 08/17  22:46,10,24.4,0.4,0.7,0.4,0.7
 08/17  22:47,10,24.4,0.4,0.7,0.4,0.7
 08/17  22:48,10,24.4,0.4,0.7,0.4,0.7
 08/17  22:49,10,24.4,0.4,0.7,0.4,0.7
 08/17  22:50,10,24.4,0.4,0.7,0.4,0.7
 08/17  22:51,10,24.4,0.4,0.7,0.4,0.7
 08/17  22:52,10,24.4,0.4,0.7,0.4,0.7
 08/17  22:53,10,24.4,0.4,0.7,0.4,0.7
 08/17  22:54,10,24.4,0.4,0.7,0.4,0.7
 08/17  22:55,10,24.4,0.4,0.7,0.4,0.7
 08/17  22:56,10,24.4,0.4,0.7,0.4,0.7
 08/17  22:57,10,24.4,0.4,0.7,0.4,0.7
 08/17  22:58,10,24.4,0.4,0.7,0.4,0.7
 08/17  22:59,10,24.4,0.4,0.7,0.4,0.7
 08/17  23:00,10,24.4,0.4,0.7,0.4,0.7
 08/17  23:01,10,24.4,0.4,0.7,0.4,0.7
 08/17  23:02,10,24.4,0.4,0.7,0.4,0.7
 08/17  23:03,10,24.4,0.4,0.7,0.4,0.7
 08/17  23:04,10,24.4,0.4,0.7,0.4,0.7
 08/17  23:05,10,24.4,0.4,0.7,0.4,0.7
 08/17  23:06,10,24.4,0.4,0.7,0.4,0.7
 08/17  23:07,10,24.4,0.4,0.7,0.4,0.7
 08/17  23:08,10,24.4,0.4,0.7,0.4,0.7
 08/17  23:09,10,24.4,0.4,0.7,0.4,0.7
 08/17  23:10,10,24.4,0.4,0.7,0.4,0.7
 08/17  23:11,10,24.4,0.4,0.7,0.4,0.7
 08/17  23:12,10,24.4,0.4,0.7,0.4,0.7
 08/17  23:13,10,24.4,0.4,0.7,0.4,0.7
 08/17  23:14,10,24.4,0.4,0.7,0.4,0.7
 08/17  23:15,10,24.4,0.4,0.7,0.4,0.7
 08/17  23:16,10,24.4,0.4,0.7,0.4,0.7
 08/17  23:17,10,24.4,0.4,0.7,0.4,0.7
 08/17  23:18,10,24.4,0.4,0.7,0.4,0.7
 08/17  23:19,10,24.4,0.4,0.7,0.4,0.7
 08/17  23:20,10,24.4,0.4,0.7,0.4,0.7
 08/17  23:21,10,24.4,0.4,0.7,0.4,0.7
 08/17  23:22,10,24.4,0.4,0.7,0.4,0.7
 08/17  23:23,10,24.4,0.4,0.7,0.4,0.7
 08/17  23:24,10,24.4,0.4,0.7,0.4,0.7
 08/17  23:25,10,24.4,0.4,0.7,0.4,0.7
 08/17  23:26,10,24.4,0.4,0.7,0.4,0.7
 08/17  23:27,10,24.4,0.4,0.7,0.4,0.7
 08/17  23:28,10,24.4,0.4,0.7,0.4,0.7
 08/17  23:29,10,24.4,0.4,0.7,0.4,0.7
 08/17  23:30,10,24.4,0.4,0.7,0.4,0.7
 08/17  23:31,10,24.4,0.4,0.7,0.4,0.7
 08/17  23:32,10,24.4,0.4,0.7,0.4,0.7
 08/17  23:33,10,24.4,0.4,0.7,0.4,0.7
 08/17  23:34,10,24.4,0.4,0.7,0.4,0.7
 08/17  23:35,10,24.4,0.4,0.7,0.4,0.7
 08/17  23:36,10,24.4,0.4,0.7,0.4,0.7
 08/17  23:37,10,24.4,0.4,0.7,0.4,0.7
 08/17  23:38,10,24.4,0.4,0.7,0.4,0.7
 08/17  23:39,10,24.4,0.4,0.7,0.4,0.7
 08/17  23:40,10,24.4,0.4,0.7,0.4,0.7
 08/17  23:41,10,24.4,0.4,0.7,0.4,0.7
 08/17  23:42,10,24.4,0.4,0.7,0.4,0.7
 08/17  23:43,10,24.4,0.4,0.7,0.4,0.7
 08/17  23:44,10,24.4,0.4,0.7,0.4,0.7
 08/17  23:45,10,24.4,0.4,0.7,0.4,0.7
 08/17  23:46,10,24.4,0.4,0.7,0.4,0.7
 08/17  23:47,10,24.4,0.4,0.7,0.4,0.7
 08/17  23:48,10,24.4,0.4,0.7,0.4,0.7
 08/17  23:49,10,24.4,0.4,0.7,0.4,0.7
 08/17  23:50,10,24.4,0.4,0.7,0.4,0.7
 08/17  23:51,10,24.4,0.4,0.7,0.4,0.7
 08/17  23:52,10,24.4,0.4,0.7,0.4,0.7
 08/17  23:53,10,24.4,0.4,0.7,0.4,0.7
 08/17  23:54,10,24.4,0.4,0.7,0.4,0.7
 08/17  23:55,10,24.4,0.4,0.7,0.4,0.7
 08/17  23:56,10,24.4,0.4,0.7,0.4,0.7
 08/17  23:57,10,24.4,0.4,0.7,0.4,0.7
 08/17  23:58,10,24.4,0.4,0.7,0.4,0.7
 08/17  23:59,10,24.4,0.4,0.7,0.4,0.7
 08/18  0:00,10,24.4,0.4,0.7,0.4,0.7
 08/18  0:01,10,24.4,0.4,0.7,0.4,0.7
 08/18  0:02,10,24.4,0.4,0.7,0.4,0.7
 08/18  0:03,10,24.4,0.4,0.7,0.4,0.7
 08/18  0:04,10,24.4,0.4,0.7,0.4,0.7
 08/18  0:05,10,24.4,0.4,0.7,0.4,0.7
 08/18  0:06,10,24.4,0.4,0.7,0.4,0.7
 08/18  0:07,10,24.4,0.4,0.7,0.4,0.7
 08/18  0:08,10,24.4,0.4,0.7,0.4,0.7
 08/18  0:09,10,24.4,0.4,0.7,0.4,0.7
 08/18  0:10,10,24.4,0.4,0.7,0.4,0.7
 08/18  0:11,10,24.4,0.4,0.7,0.4,0.7
 08/18  0:12,10,24.4,0.4,0.7,0.4,0.7
 08/18  0:13,10,24.4,0.4,0.7,0.4,0.7
 08/18  0:14,10,24.4,0.4,0.7,0.4,0.7
 08/18  0:15,10,24.4,0.4,0.7,0.4,0.7
 08/18  0:16,10,24.4,0.4,0.7,0.4,0.7
 08/18  0:17,10,24.4,0.4,0.7,0.4,0.7
 08/18  0:18,10,24.4,0.4,0.7,0.4,0.7
 08/18  0:19,10,24.4,0.4,0.7,0.4,0.7
 08/18  0:20,10,24.4,0.4,0.7,0.4,0.7
 08/18  0:21,10,24.4,0.4,0.7,0.4,0.7
